2025-03-04 08:40:53,011 - helper - ERROR - Error recharging user list: ('HY000', '[HY000] [Microsoft][ODBC Driver 17 for SQL Server]La conexión está ocupada con los resultados de otro comando (0) (SQLExecDirectW)')
Traceback (most recent call last):
  File "C:\Users\carlos.alemany\OneDrive - civica-soft.com\Documentos\new especialidades\especialidades-app\helper.py", line 140, in recharge_user_list
    user_list_v = conn.cursor().execute(query).fetchall()
pyodbc.Error: ('HY000', '[HY000] [Microsoft][ODBC Driver 17 for SQL Server]La conexión está ocupada con los resultados de otro comando (0) (SQLExecDirectW)')
2025-03-04 08:40:53,024 - helper - ERROR - Error recharging user list: ('HY000', '[HY000] [Microsoft][ODBC Driver 17 for SQL Server]La conexión está ocupada con los resultados de otro comando (0) (SQLExecDirectW)')
Traceback (most recent call last):
  File "C:\Users\carlos.alemany\OneDrive - civica-soft.com\Documentos\new especialidades\especialidades-app\helper.py", line 140, in recharge_user_list
    user_list_v = conn.cursor().execute(query).fetchall()
pyodbc.Error: ('HY000', '[HY000] [Microsoft][ODBC Driver 17 for SQL Server]La conexión está ocupada con los resultados de otro comando (0) (SQLExecDirectW)')
2025-03-04 09:30:22,784 - tools - ERROR - Error in introduction page: module 'helper' has no attribute 'recharge_user_list'
Traceback (most recent call last):
  File "C:\Users\carlos.alemany\OneDrive - civica-soft.com\Documentos\new especialidades\especialidades-app\tools.py", line 214, in comienzo
    menu(conn, especialidad)
  File "C:\Users\carlos.alemany\OneDrive - civica-soft.com\Documentos\new especialidades\especialidades-app\tools.py", line 80, in menu
    init_users(conn, es_sql)
  File "C:\Users\carlos.alemany\OneDrive - civica-soft.com\Documentos\new especialidades\especialidades-app\tools.py", line 63, in init_users
    st.session_state["lista_plana"] = h.recharge_user_list(conn, es_sql)
AttributeError: module 'helper' has no attribute 'recharge_user_list'
2025-03-04 09:30:32,228 - tools - ERROR - Error in practice page: module 'helper' has no attribute 'recharge_user_list'
Traceback (most recent call last):
  File "C:\Users\carlos.alemany\OneDrive - civica-soft.com\Documentos\new especialidades\especialidades-app\tools.py", line 232, in practicar
    menu(conn, especialidad)
  File "C:\Users\carlos.alemany\OneDrive - civica-soft.com\Documentos\new especialidades\especialidades-app\tools.py", line 80, in menu
    init_users(conn, es_sql)
  File "C:\Users\carlos.alemany\OneDrive - civica-soft.com\Documentos\new especialidades\especialidades-app\tools.py", line 63, in init_users
    st.session_state["lista_plana"] = h.recharge_user_list(conn, es_sql)
AttributeError: module 'helper' has no attribute 'recharge_user_list'
2025-03-04 09:30:52,238 - tools - ERROR - Error in introduction page: module 'helper' has no attribute 'recharge_user_list'
Traceback (most recent call last):
  File "C:\Users\carlos.alemany\OneDrive - civica-soft.com\Documentos\new especialidades\especialidades-app\tools.py", line 214, in comienzo
    menu(conn, especialidad)
  File "C:\Users\carlos.alemany\OneDrive - civica-soft.com\Documentos\new especialidades\especialidades-app\tools.py", line 80, in menu
    init_users(conn, es_sql)
  File "C:\Users\carlos.alemany\OneDrive - civica-soft.com\Documentos\new especialidades\especialidades-app\tools.py", line 63, in init_users
    st.session_state["lista_plana"] = h.recharge_user_list(conn, es_sql)
AttributeError: module 'helper' has no attribute 'recharge_user_list'
2025-03-04 09:43:51,353 - helper_functions - ERROR - Error recharging user list: 'Engine' object has no attribute 'cursor'
Traceback (most recent call last):
  File "C:\Users\carlos.alemany\OneDrive - civica-soft.com\Documentos\new especialidades\especialidades-app\helper_functions.py", line 34, in recharge_user_list
    cursor = conn.cursor()
AttributeError: 'Engine' object has no attribute 'cursor'
2025-03-04 09:43:51,364 - helper_functions - ERROR - Error recharging user list: 'Engine' object has no attribute 'cursor'
Traceback (most recent call last):
  File "C:\Users\carlos.alemany\OneDrive - civica-soft.com\Documentos\new especialidades\especialidades-app\helper_functions.py", line 34, in recharge_user_list
    cursor = conn.cursor()
AttributeError: 'Engine' object has no attribute 'cursor'
2025-03-04 09:43:55,580 - helper_functions - ERROR - Error recharging user list: 'Engine' object has no attribute 'cursor'
Traceback (most recent call last):
  File "C:\Users\carlos.alemany\OneDrive - civica-soft.com\Documentos\new especialidades\especialidades-app\helper_functions.py", line 34, in recharge_user_list
    cursor = conn.cursor()
AttributeError: 'Engine' object has no attribute 'cursor'
2025-03-04 09:43:55,605 - tools - ERROR - Error in practice page: module 'helper' has no attribute 'orden_preguntas'
Traceback (most recent call last):
  File "C:\Users\carlos.alemany\OneDrive - civica-soft.com\Documentos\new especialidades\especialidades-app\tools.py", line 355, in practicar
    h.orden_preguntas(question_set)
AttributeError: module 'helper' has no attribute 'orden_preguntas'
2025-03-04 09:45:49,069 - helper_functions - ERROR - Error recharging user list: 'Engine' object has no attribute 'cursor'
Traceback (most recent call last):
  File "C:\Users\carlos.alemany\OneDrive - civica-soft.com\Documentos\new especialidades\especialidades-app\helper_functions.py", line 34, in recharge_user_list
    cursor = conn.cursor()
AttributeError: 'Engine' object has no attribute 'cursor'
2025-03-04 09:45:49,087 - helper_functions - ERROR - Error recharging user list: 'Engine' object has no attribute 'cursor'
Traceback (most recent call last):
  File "C:\Users\carlos.alemany\OneDrive - civica-soft.com\Documentos\new especialidades\especialidades-app\helper_functions.py", line 34, in recharge_user_list
    cursor = conn.cursor()
AttributeError: 'Engine' object has no attribute 'cursor'
2025-03-04 09:45:51,412 - helper_functions - ERROR - Error recharging user list: 'Engine' object has no attribute 'cursor'
Traceback (most recent call last):
  File "C:\Users\carlos.alemany\OneDrive - civica-soft.com\Documentos\new especialidades\especialidades-app\helper_functions.py", line 34, in recharge_user_list
    cursor = conn.cursor()
AttributeError: 'Engine' object has no attribute 'cursor'
2025-03-04 09:45:51,436 - tools - ERROR - Error in practice page: module 'helper' has no attribute 'orden_preguntas'
Traceback (most recent call last):
  File "C:\Users\carlos.alemany\OneDrive - civica-soft.com\Documentos\new especialidades\especialidades-app\tools.py", line 355, in practicar
    h.orden_preguntas(question_set)
AttributeError: module 'helper' has no attribute 'orden_preguntas'
2025-03-04 09:52:24,539 - helper_functions - ERROR - Error recharging user list: 'Engine' object has no attribute 'cursor'
Traceback (most recent call last):
  File "C:\Users\carlos.alemany\OneDrive - civica-soft.com\Documentos\new especialidades\especialidades-app\helper_functions.py", line 34, in recharge_user_list
    cursor = conn.cursor()
AttributeError: 'Engine' object has no attribute 'cursor'
2025-03-04 09:52:24,548 - helper_functions - ERROR - Error recharging user list: 'Engine' object has no attribute 'cursor'
Traceback (most recent call last):
  File "C:\Users\carlos.alemany\OneDrive - civica-soft.com\Documentos\new especialidades\especialidades-app\helper_functions.py", line 34, in recharge_user_list
    cursor = conn.cursor()
AttributeError: 'Engine' object has no attribute 'cursor'
2025-03-04 09:52:27,055 - helper_functions - ERROR - Error recharging user list: 'Engine' object has no attribute 'cursor'
Traceback (most recent call last):
  File "C:\Users\carlos.alemany\OneDrive - civica-soft.com\Documentos\new especialidades\especialidades-app\helper_functions.py", line 34, in recharge_user_list
    cursor = conn.cursor()
AttributeError: 'Engine' object has no attribute 'cursor'
2025-03-04 09:52:27,070 - tools - ERROR - Error in practice page: module 'helper' has no attribute 'orden_preguntas'
Traceback (most recent call last):
  File "C:\Users\carlos.alemany\OneDrive - civica-soft.com\Documentos\new especialidades\especialidades-app\tools.py", line 355, in practicar
    h.orden_preguntas(question_set)
AttributeError: module 'helper' has no attribute 'orden_preguntas'
2025-03-04 09:53:44,568 - helper_functions - ERROR - Error recharging user list: 'Engine' object has no attribute 'cursor'
Traceback (most recent call last):
  File "C:\Users\carlos.alemany\OneDrive - civica-soft.com\Documentos\new especialidades\especialidades-app\helper_functions.py", line 34, in recharge_user_list
    cursor = conn.cursor()
AttributeError: 'Engine' object has no attribute 'cursor'
2025-03-04 09:53:44,581 - helper_functions - ERROR - Error recharging user list: 'Engine' object has no attribute 'cursor'
Traceback (most recent call last):
  File "C:\Users\carlos.alemany\OneDrive - civica-soft.com\Documentos\new especialidades\especialidades-app\helper_functions.py", line 34, in recharge_user_list
    cursor = conn.cursor()
AttributeError: 'Engine' object has no attribute 'cursor'
2025-03-04 09:53:47,427 - helper_functions - ERROR - Error recharging user list: 'Engine' object has no attribute 'cursor'
Traceback (most recent call last):
  File "C:\Users\carlos.alemany\OneDrive - civica-soft.com\Documentos\new especialidades\especialidades-app\helper_functions.py", line 34, in recharge_user_list
    cursor = conn.cursor()
AttributeError: 'Engine' object has no attribute 'cursor'
2025-03-04 09:53:47,452 - tools - ERROR - Error in practice page: module 'helper' has no attribute 'setexam'
Traceback (most recent call last):
  File "C:\Users\carlos.alemany\OneDrive - civica-soft.com\Documentos\new especialidades\especialidades-app\tools.py", line 360, in practicar
    h.setexam(
AttributeError: module 'helper' has no attribute 'setexam'
2025-03-04 11:11:39,153 - helper_functions - ERROR - Error recharging user list: 'Engine' object has no attribute 'cursor'
Traceback (most recent call last):
  File "C:\Users\carlos.alemany\OneDrive - civica-soft.com\Documentos\new especialidades\especialidades-app\helper_functions.py", line 34, in recharge_user_list
    cursor = conn.cursor()
AttributeError: 'Engine' object has no attribute 'cursor'
2025-03-04 11:11:39,164 - helper_functions - ERROR - Error recharging user list: 'Engine' object has no attribute 'cursor'
Traceback (most recent call last):
  File "C:\Users\carlos.alemany\OneDrive - civica-soft.com\Documentos\new especialidades\especialidades-app\helper_functions.py", line 34, in recharge_user_list
    cursor = conn.cursor()
AttributeError: 'Engine' object has no attribute 'cursor'
2025-03-04 11:11:42,326 - helper_functions - ERROR - Error recharging user list: 'Engine' object has no attribute 'cursor'
Traceback (most recent call last):
  File "C:\Users\carlos.alemany\OneDrive - civica-soft.com\Documentos\new especialidades\especialidades-app\helper_functions.py", line 34, in recharge_user_list
    cursor = conn.cursor()
AttributeError: 'Engine' object has no attribute 'cursor'
2025-03-04 11:11:42,347 - tools - ERROR - Error in practice page: module 'helper' has no attribute 'setexam'
Traceback (most recent call last):
  File "C:\Users\carlos.alemany\OneDrive - civica-soft.com\Documentos\new especialidades\especialidades-app\tools.py", line 360, in practicar
    h.setexam(
AttributeError: module 'helper' has no attribute 'setexam'
2025-03-04 11:52:20,755 - helper_functions - ERROR - Error recharging user list: 'Engine' object has no attribute 'cursor'
Traceback (most recent call last):
  File "C:\Users\carlos.alemany\OneDrive - civica-soft.com\Documentos\new especialidades\especialidades-app\helper_functions.py", line 34, in recharge_user_list
    cursor = conn.cursor()
AttributeError: 'Engine' object has no attribute 'cursor'
2025-03-04 11:52:20,766 - helper_functions - ERROR - Error recharging user list: 'Engine' object has no attribute 'cursor'
Traceback (most recent call last):
  File "C:\Users\carlos.alemany\OneDrive - civica-soft.com\Documentos\new especialidades\especialidades-app\helper_functions.py", line 34, in recharge_user_list
    cursor = conn.cursor()
AttributeError: 'Engine' object has no attribute 'cursor'
2025-03-04 11:52:24,418 - helper_functions - ERROR - Error recharging user list: 'Engine' object has no attribute 'cursor'
Traceback (most recent call last):
  File "C:\Users\carlos.alemany\OneDrive - civica-soft.com\Documentos\new especialidades\especialidades-app\helper_functions.py", line 34, in recharge_user_list
    cursor = conn.cursor()
AttributeError: 'Engine' object has no attribute 'cursor'
2025-03-04 11:52:24,428 - tools - ERROR - Error in practice page: module 'helper' has no attribute 'setexam'
Traceback (most recent call last):
  File "C:\Users\carlos.alemany\OneDrive - civica-soft.com\Documentos\new especialidades\especialidades-app\tools.py", line 360, in practicar
    h.setexam(
AttributeError: module 'helper' has no attribute 'setexam'
2025-03-04 12:02:48,824 - helper_functions - ERROR - Error recharging user list: 'Engine' object has no attribute 'cursor'
Traceback (most recent call last):
  File "C:\Users\carlos.alemany\OneDrive - civica-soft.com\Documentos\new especialidades\especialidades-app\helper_functions.py", line 34, in recharge_user_list
    cursor = conn.cursor()
AttributeError: 'Engine' object has no attribute 'cursor'
2025-03-04 12:02:48,836 - helper_functions - ERROR - Error recharging user list: 'Engine' object has no attribute 'cursor'
Traceback (most recent call last):
  File "C:\Users\carlos.alemany\OneDrive - civica-soft.com\Documentos\new especialidades\especialidades-app\helper_functions.py", line 34, in recharge_user_list
    cursor = conn.cursor()
AttributeError: 'Engine' object has no attribute 'cursor'
2025-03-04 12:02:52,597 - helper_functions - ERROR - Error recharging user list: 'Engine' object has no attribute 'cursor'
Traceback (most recent call last):
  File "C:\Users\carlos.alemany\OneDrive - civica-soft.com\Documentos\new especialidades\especialidades-app\helper_functions.py", line 34, in recharge_user_list
    cursor = conn.cursor()
AttributeError: 'Engine' object has no attribute 'cursor'
2025-03-04 12:02:55,174 - helper_functions - ERROR - Error recharging user list: 'Engine' object has no attribute 'cursor'
Traceback (most recent call last):
  File "C:\Users\carlos.alemany\OneDrive - civica-soft.com\Documentos\new especialidades\especialidades-app\helper_functions.py", line 34, in recharge_user_list
    cursor = conn.cursor()
AttributeError: 'Engine' object has no attribute 'cursor'
2025-03-04 12:02:55,795 - helper_functions - ERROR - Error recharging user list: 'Engine' object has no attribute 'cursor'
Traceback (most recent call last):
  File "C:\Users\carlos.alemany\OneDrive - civica-soft.com\Documentos\new especialidades\especialidades-app\helper_functions.py", line 34, in recharge_user_list
    cursor = conn.cursor()
AttributeError: 'Engine' object has no attribute 'cursor'
2025-03-04 12:02:57,721 - helper_functions - ERROR - Error recharging user list: 'Engine' object has no attribute 'cursor'
Traceback (most recent call last):
  File "C:\Users\carlos.alemany\OneDrive - civica-soft.com\Documentos\new especialidades\especialidades-app\helper_functions.py", line 34, in recharge_user_list
    cursor = conn.cursor()
AttributeError: 'Engine' object has no attribute 'cursor'
2025-03-04 12:03:03,794 - helper_functions - ERROR - Error recharging user list: 'Engine' object has no attribute 'cursor'
Traceback (most recent call last):
  File "C:\Users\carlos.alemany\OneDrive - civica-soft.com\Documentos\new especialidades\especialidades-app\helper_functions.py", line 34, in recharge_user_list
    cursor = conn.cursor()
AttributeError: 'Engine' object has no attribute 'cursor'
2025-03-04 12:03:06,259 - helper_functions - ERROR - Error recharging user list: 'Engine' object has no attribute 'cursor'
Traceback (most recent call last):
  File "C:\Users\carlos.alemany\OneDrive - civica-soft.com\Documentos\new especialidades\especialidades-app\helper_functions.py", line 34, in recharge_user_list
    cursor = conn.cursor()
AttributeError: 'Engine' object has no attribute 'cursor'
2025-03-04 12:03:06,465 - helper_functions - ERROR - Error recharging user list: 'Engine' object has no attribute 'cursor'
Traceback (most recent call last):
  File "C:\Users\carlos.alemany\OneDrive - civica-soft.com\Documentos\new especialidades\especialidades-app\helper_functions.py", line 34, in recharge_user_list
    cursor = conn.cursor()
AttributeError: 'Engine' object has no attribute 'cursor'
2025-03-04 12:03:08,010 - helper_functions - ERROR - Error recharging user list: 'Engine' object has no attribute 'cursor'
Traceback (most recent call last):
  File "C:\Users\carlos.alemany\OneDrive - civica-soft.com\Documentos\new especialidades\especialidades-app\helper_functions.py", line 34, in recharge_user_list
    cursor = conn.cursor()
AttributeError: 'Engine' object has no attribute 'cursor'
2025-03-04 12:03:08,677 - helper_functions - ERROR - Error recharging user list: 'Engine' object has no attribute 'cursor'
Traceback (most recent call last):
  File "C:\Users\carlos.alemany\OneDrive - civica-soft.com\Documentos\new especialidades\especialidades-app\helper_functions.py", line 34, in recharge_user_list
    cursor = conn.cursor()
AttributeError: 'Engine' object has no attribute 'cursor'
2025-03-04 12:03:09,765 - helper_functions - ERROR - Error recharging user list: 'Engine' object has no attribute 'cursor'
Traceback (most recent call last):
  File "C:\Users\carlos.alemany\OneDrive - civica-soft.com\Documentos\new especialidades\especialidades-app\helper_functions.py", line 34, in recharge_user_list
    cursor = conn.cursor()
AttributeError: 'Engine' object has no attribute 'cursor'
2025-03-04 12:03:18,930 - helper_functions - ERROR - Error recharging user list: 'Engine' object has no attribute 'cursor'
Traceback (most recent call last):
  File "C:\Users\carlos.alemany\OneDrive - civica-soft.com\Documentos\new especialidades\especialidades-app\helper_functions.py", line 34, in recharge_user_list
    cursor = conn.cursor()
AttributeError: 'Engine' object has no attribute 'cursor'
2025-03-04 12:03:19,128 - helper_functions - ERROR - Error recharging user list: 'Engine' object has no attribute 'cursor'
Traceback (most recent call last):
  File "C:\Users\carlos.alemany\OneDrive - civica-soft.com\Documentos\new especialidades\especialidades-app\helper_functions.py", line 34, in recharge_user_list
    cursor = conn.cursor()
AttributeError: 'Engine' object has no attribute 'cursor'
2025-03-04 12:03:22,395 - helper_functions - ERROR - Error recharging user list: 'Engine' object has no attribute 'cursor'
Traceback (most recent call last):
  File "C:\Users\carlos.alemany\OneDrive - civica-soft.com\Documentos\new especialidades\especialidades-app\helper_functions.py", line 34, in recharge_user_list
    cursor = conn.cursor()
AttributeError: 'Engine' object has no attribute 'cursor'
2025-03-04 12:03:22,896 - helper_functions - ERROR - Error recharging user list: 'Engine' object has no attribute 'cursor'
Traceback (most recent call last):
  File "C:\Users\carlos.alemany\OneDrive - civica-soft.com\Documentos\new especialidades\especialidades-app\helper_functions.py", line 34, in recharge_user_list
    cursor = conn.cursor()
AttributeError: 'Engine' object has no attribute 'cursor'
2025-03-04 12:03:23,420 - helper_functions - ERROR - Error recharging user list: 'Engine' object has no attribute 'cursor'
Traceback (most recent call last):
  File "C:\Users\carlos.alemany\OneDrive - civica-soft.com\Documentos\new especialidades\especialidades-app\helper_functions.py", line 34, in recharge_user_list
    cursor = conn.cursor()
AttributeError: 'Engine' object has no attribute 'cursor'
2025-03-04 12:03:26,776 - helper_functions - ERROR - Error recharging user list: 'Engine' object has no attribute 'cursor'
Traceback (most recent call last):
  File "C:\Users\carlos.alemany\OneDrive - civica-soft.com\Documentos\new especialidades\especialidades-app\helper_functions.py", line 34, in recharge_user_list
    cursor = conn.cursor()
AttributeError: 'Engine' object has no attribute 'cursor'
2025-03-04 12:03:26,976 - helper_functions - ERROR - Error recharging user list: 'Engine' object has no attribute 'cursor'
Traceback (most recent call last):
  File "C:\Users\carlos.alemany\OneDrive - civica-soft.com\Documentos\new especialidades\especialidades-app\helper_functions.py", line 34, in recharge_user_list
    cursor = conn.cursor()
AttributeError: 'Engine' object has no attribute 'cursor'
2025-03-04 12:03:36,316 - helper_functions - ERROR - Error recharging user list: 'Engine' object has no attribute 'cursor'
Traceback (most recent call last):
  File "C:\Users\carlos.alemany\OneDrive - civica-soft.com\Documentos\new especialidades\especialidades-app\helper_functions.py", line 34, in recharge_user_list
    cursor = conn.cursor()
AttributeError: 'Engine' object has no attribute 'cursor'
2025-03-04 12:03:36,907 - helper_functions - ERROR - Error recharging user list: 'Engine' object has no attribute 'cursor'
Traceback (most recent call last):
  File "C:\Users\carlos.alemany\OneDrive - civica-soft.com\Documentos\new especialidades\especialidades-app\helper_functions.py", line 34, in recharge_user_list
    cursor = conn.cursor()
AttributeError: 'Engine' object has no attribute 'cursor'
2025-03-04 12:03:37,142 - helper_functions - ERROR - Error recharging user list: 'Engine' object has no attribute 'cursor'
Traceback (most recent call last):
  File "C:\Users\carlos.alemany\OneDrive - civica-soft.com\Documentos\new especialidades\especialidades-app\helper_functions.py", line 34, in recharge_user_list
    cursor = conn.cursor()
AttributeError: 'Engine' object has no attribute 'cursor'
2025-03-04 12:03:38,333 - helper_functions - ERROR - Error recharging user list: 'Engine' object has no attribute 'cursor'
Traceback (most recent call last):
  File "C:\Users\carlos.alemany\OneDrive - civica-soft.com\Documentos\new especialidades\especialidades-app\helper_functions.py", line 34, in recharge_user_list
    cursor = conn.cursor()
AttributeError: 'Engine' object has no attribute 'cursor'
2025-03-04 12:03:39,610 - helper_functions - ERROR - Error recharging user list: 'Engine' object has no attribute 'cursor'
Traceback (most recent call last):
  File "C:\Users\carlos.alemany\OneDrive - civica-soft.com\Documentos\new especialidades\especialidades-app\helper_functions.py", line 34, in recharge_user_list
    cursor = conn.cursor()
AttributeError: 'Engine' object has no attribute 'cursor'
2025-03-04 12:03:44,446 - helper_functions - ERROR - Error recharging user list: 'Engine' object has no attribute 'cursor'
Traceback (most recent call last):
  File "C:\Users\carlos.alemany\OneDrive - civica-soft.com\Documentos\new especialidades\especialidades-app\helper_functions.py", line 34, in recharge_user_list
    cursor = conn.cursor()
AttributeError: 'Engine' object has no attribute 'cursor'
2025-03-04 12:03:48,457 - helper_functions - ERROR - Error recharging user list: 'Engine' object has no attribute 'cursor'
Traceback (most recent call last):
  File "C:\Users\carlos.alemany\OneDrive - civica-soft.com\Documentos\new especialidades\especialidades-app\helper_functions.py", line 34, in recharge_user_list
    cursor = conn.cursor()
AttributeError: 'Engine' object has no attribute 'cursor'
2025-03-04 12:03:49,537 - helper_functions - ERROR - Error recharging user list: 'Engine' object has no attribute 'cursor'
Traceback (most recent call last):
  File "C:\Users\carlos.alemany\OneDrive - civica-soft.com\Documentos\new especialidades\especialidades-app\helper_functions.py", line 34, in recharge_user_list
    cursor = conn.cursor()
AttributeError: 'Engine' object has no attribute 'cursor'
2025-03-04 12:03:49,548 - helper_functions - ERROR - Error adding new user: 'Engine' object has no attribute 'cursor'
Traceback (most recent call last):
  File "C:\Users\carlos.alemany\OneDrive - civica-soft.com\Documentos\new especialidades\especialidades-app\helper_functions.py", line 66, in new_user
    cursor = conn.cursor()
AttributeError: 'Engine' object has no attribute 'cursor'
2025-03-04 12:07:26,007 - helper_functions - ERROR - Error recharging user list: name 'execute_query' is not defined
Traceback (most recent call last):
  File "C:\Users\carlos.alemany\OneDrive - civica-soft.com\Documentos\new especialidades\especialidades-app\helper_functions.py", line 32, in recharge_user_list
    result = execute_query(conn, query, fetch_all=True)
NameError: name 'execute_query' is not defined
2025-03-04 12:07:26,036 - helper_functions - ERROR - Error recharging user list: name 'execute_query' is not defined
Traceback (most recent call last):
  File "C:\Users\carlos.alemany\OneDrive - civica-soft.com\Documentos\new especialidades\especialidades-app\helper_functions.py", line 32, in recharge_user_list
    result = execute_query(conn, query, fetch_all=True)
NameError: name 'execute_query' is not defined
2025-03-04 12:07:27,360 - helper_functions - ERROR - Error recharging user list: name 'execute_query' is not defined
Traceback (most recent call last):
  File "C:\Users\carlos.alemany\OneDrive - civica-soft.com\Documentos\new especialidades\especialidades-app\helper_functions.py", line 32, in recharge_user_list
    result = execute_query(conn, query, fetch_all=True)
NameError: name 'execute_query' is not defined
2025-03-04 12:07:27,380 - tools - ERROR - Error in exam page: module 'helper' has no attribute 'exam_settings'
Traceback (most recent call last):
  File "C:\Users\carlos.alemany\OneDrive - civica-soft.com\Documentos\new especialidades\especialidades-app\tools.py", line 420, in examen
    num_questions, exam_duration = h.exam_settings(preguntas_filtradas)
AttributeError: module 'helper' has no attribute 'exam_settings'
2025-03-04 12:07:29,167 - helper_functions - ERROR - Error recharging user list: name 'execute_query' is not defined
Traceback (most recent call last):
  File "C:\Users\carlos.alemany\OneDrive - civica-soft.com\Documentos\new especialidades\especialidades-app\helper_functions.py", line 32, in recharge_user_list
    result = execute_query(conn, query, fetch_all=True)
NameError: name 'execute_query' is not defined
2025-03-04 12:07:29,197 - tools - ERROR - Error in exam page: module 'helper' has no attribute 'exam_settings'
Traceback (most recent call last):
  File "C:\Users\carlos.alemany\OneDrive - civica-soft.com\Documentos\new especialidades\especialidades-app\tools.py", line 420, in examen
    num_questions, exam_duration = h.exam_settings(preguntas_filtradas)
AttributeError: module 'helper' has no attribute 'exam_settings'
2025-03-04 12:07:30,129 - helper_functions - ERROR - Error recharging user list: name 'execute_query' is not defined
Traceback (most recent call last):
  File "C:\Users\carlos.alemany\OneDrive - civica-soft.com\Documentos\new especialidades\especialidades-app\helper_functions.py", line 32, in recharge_user_list
    result = execute_query(conn, query, fetch_all=True)
NameError: name 'execute_query' is not defined
2025-03-04 12:07:30,147 - tools - ERROR - Error in exam page: module 'helper' has no attribute 'exam_settings'
Traceback (most recent call last):
  File "C:\Users\carlos.alemany\OneDrive - civica-soft.com\Documentos\new especialidades\especialidades-app\tools.py", line 420, in examen
    num_questions, exam_duration = h.exam_settings(preguntas_filtradas)
AttributeError: module 'helper' has no attribute 'exam_settings'
2025-03-04 12:07:30,786 - helper_functions - ERROR - Error recharging user list: name 'execute_query' is not defined
Traceback (most recent call last):
  File "C:\Users\carlos.alemany\OneDrive - civica-soft.com\Documentos\new especialidades\especialidades-app\helper_functions.py", line 32, in recharge_user_list
    result = execute_query(conn, query, fetch_all=True)
NameError: name 'execute_query' is not defined
2025-03-04 12:07:30,808 - tools - ERROR - Error in exam page: module 'helper' has no attribute 'exam_settings'
Traceback (most recent call last):
  File "C:\Users\carlos.alemany\OneDrive - civica-soft.com\Documentos\new especialidades\especialidades-app\tools.py", line 420, in examen
    num_questions, exam_duration = h.exam_settings(preguntas_filtradas)
AttributeError: module 'helper' has no attribute 'exam_settings'
2025-03-04 12:07:31,554 - helper_functions - ERROR - Error recharging user list: name 'execute_query' is not defined
Traceback (most recent call last):
  File "C:\Users\carlos.alemany\OneDrive - civica-soft.com\Documentos\new especialidades\especialidades-app\helper_functions.py", line 32, in recharge_user_list
    result = execute_query(conn, query, fetch_all=True)
NameError: name 'execute_query' is not defined
2025-03-04 12:07:31,581 - tools - ERROR - Error in exam page: module 'helper' has no attribute 'exam_settings'
Traceback (most recent call last):
  File "C:\Users\carlos.alemany\OneDrive - civica-soft.com\Documentos\new especialidades\especialidades-app\tools.py", line 420, in examen
    num_questions, exam_duration = h.exam_settings(preguntas_filtradas)
AttributeError: module 'helper' has no attribute 'exam_settings'
2025-03-04 12:07:36,051 - helper_functions - ERROR - Error recharging user list: name 'execute_query' is not defined
Traceback (most recent call last):
  File "C:\Users\carlos.alemany\OneDrive - civica-soft.com\Documentos\new especialidades\especialidades-app\helper_functions.py", line 32, in recharge_user_list
    result = execute_query(conn, query, fetch_all=True)
NameError: name 'execute_query' is not defined
2025-03-04 12:07:36,077 - tools - ERROR - Error in exam page: module 'helper' has no attribute 'exam_settings'
Traceback (most recent call last):
  File "C:\Users\carlos.alemany\OneDrive - civica-soft.com\Documentos\new especialidades\especialidades-app\tools.py", line 420, in examen
    num_questions, exam_duration = h.exam_settings(preguntas_filtradas)
AttributeError: module 'helper' has no attribute 'exam_settings'
2025-03-04 12:07:36,709 - helper_functions - ERROR - Error recharging user list: name 'execute_query' is not defined
Traceback (most recent call last):
  File "C:\Users\carlos.alemany\OneDrive - civica-soft.com\Documentos\new especialidades\especialidades-app\helper_functions.py", line 32, in recharge_user_list
    result = execute_query(conn, query, fetch_all=True)
NameError: name 'execute_query' is not defined
2025-03-04 12:07:36,727 - tools - ERROR - Error in exam page: module 'helper' has no attribute 'exam_settings'
Traceback (most recent call last):
  File "C:\Users\carlos.alemany\OneDrive - civica-soft.com\Documentos\new especialidades\especialidades-app\tools.py", line 420, in examen
    num_questions, exam_duration = h.exam_settings(preguntas_filtradas)
AttributeError: module 'helper' has no attribute 'exam_settings'
2025-03-04 14:46:19,418 - __main__ - INFO - UI patches applied successfully
2025-03-04 14:46:24,679 - __main__ - INFO - UI patches applied successfully
2025-03-04 14:46:25,474 - __main__ - INFO - UI patches applied successfully
2025-03-04 14:46:40,654 - helper_functions - ERROR - Error recharging user list: (pyodbc.OperationalError) ('08001', '[08001] [Microsoft][ODBC Driver 17 for SQL Server]Proveedor de canalizaciones con nombre: No se pudo abrir una conexión con SQL Server [53].  (53) (SQLDriverConnect); [08001] [Microsoft][ODBC Driver 17 for SQL Server]Ha finalizado el tiempo de espera de inicio de sesión (0); [08001] [Microsoft][ODBC Driver 17 for SQL Server]Atributo de cadena de conexión no válido (0); [08001] [Microsoft][ODBC Driver 17 for SQL Server]Error relacionado con la red o específico de instancia al establecer conexión con el servidor SQL Server. El servidor no se encuentra o no está accesible. Compruebe si el nombre de la instancia es correcto y si SQL Server está configurado para permitir conexiones remotas. Para obtener más información, vea los Libros en pantalla de SQL Server. (53)')
(Background on this error at: https://sqlalche.me/e/20/e3q8)
Traceback (most recent call last):
  File "C:\Users\carlos.alemany\OneDrive - civica-soft.com\Documentos\Proyectos\Servihabitat\dbt\svhenv\lib\site-packages\sqlalchemy\engine\base.py", line 146, in __init__
    self._dbapi_connection = engine.raw_connection()
  File "C:\Users\carlos.alemany\OneDrive - civica-soft.com\Documentos\Proyectos\Servihabitat\dbt\svhenv\lib\site-packages\sqlalchemy\engine\base.py", line 3302, in raw_connection
    return self.pool.connect()
  File "C:\Users\carlos.alemany\OneDrive - civica-soft.com\Documentos\Proyectos\Servihabitat\dbt\svhenv\lib\site-packages\sqlalchemy\pool\base.py", line 449, in connect
    return _ConnectionFairy._checkout(self)
  File "C:\Users\carlos.alemany\OneDrive - civica-soft.com\Documentos\Proyectos\Servihabitat\dbt\svhenv\lib\site-packages\sqlalchemy\pool\base.py", line 1263, in _checkout
    fairy = _ConnectionRecord.checkout(pool)
  File "C:\Users\carlos.alemany\OneDrive - civica-soft.com\Documentos\Proyectos\Servihabitat\dbt\svhenv\lib\site-packages\sqlalchemy\pool\base.py", line 712, in checkout
    rec = pool._do_get()
  File "C:\Users\carlos.alemany\OneDrive - civica-soft.com\Documentos\Proyectos\Servihabitat\dbt\svhenv\lib\site-packages\sqlalchemy\pool\impl.py", line 179, in _do_get
    with util.safe_reraise():
  File "C:\Users\carlos.alemany\OneDrive - civica-soft.com\Documentos\Proyectos\Servihabitat\dbt\svhenv\lib\site-packages\sqlalchemy\util\langhelpers.py", line 146, in __exit__
    raise exc_value.with_traceback(exc_tb)
  File "C:\Users\carlos.alemany\OneDrive - civica-soft.com\Documentos\Proyectos\Servihabitat\dbt\svhenv\lib\site-packages\sqlalchemy\pool\impl.py", line 177, in _do_get
    return self._create_connection()
  File "C:\Users\carlos.alemany\OneDrive - civica-soft.com\Documentos\Proyectos\Servihabitat\dbt\svhenv\lib\site-packages\sqlalchemy\pool\base.py", line 390, in _create_connection
    return _ConnectionRecord(self)
  File "C:\Users\carlos.alemany\OneDrive - civica-soft.com\Documentos\Proyectos\Servihabitat\dbt\svhenv\lib\site-packages\sqlalchemy\pool\base.py", line 674, in __init__
    self.__connect()
  File "C:\Users\carlos.alemany\OneDrive - civica-soft.com\Documentos\Proyectos\Servihabitat\dbt\svhenv\lib\site-packages\sqlalchemy\pool\base.py", line 900, in __connect
    with util.safe_reraise():
  File "C:\Users\carlos.alemany\OneDrive - civica-soft.com\Documentos\Proyectos\Servihabitat\dbt\svhenv\lib\site-packages\sqlalchemy\util\langhelpers.py", line 146, in __exit__
    raise exc_value.with_traceback(exc_tb)
  File "C:\Users\carlos.alemany\OneDrive - civica-soft.com\Documentos\Proyectos\Servihabitat\dbt\svhenv\lib\site-packages\sqlalchemy\pool\base.py", line 896, in __connect
    self.dbapi_connection = connection = pool._invoke_creator(self)
  File "C:\Users\carlos.alemany\OneDrive - civica-soft.com\Documentos\Proyectos\Servihabitat\dbt\svhenv\lib\site-packages\sqlalchemy\engine\create.py", line 643, in connect
    return dialect.connect(*cargs, **cparams)
  File "C:\Users\carlos.alemany\OneDrive - civica-soft.com\Documentos\Proyectos\Servihabitat\dbt\svhenv\lib\site-packages\sqlalchemy\engine\default.py", line 621, in connect
    return self.loaded_dbapi.connect(*cargs, **cparams)
pyodbc.OperationalError: ('08001', '[08001] [Microsoft][ODBC Driver 17 for SQL Server]Proveedor de canalizaciones con nombre: No se pudo abrir una conexión con SQL Server [53].  (53) (SQLDriverConnect); [08001] [Microsoft][ODBC Driver 17 for SQL Server]Ha finalizado el tiempo de espera de inicio de sesión (0); [08001] [Microsoft][ODBC Driver 17 for SQL Server]Atributo de cadena de conexión no válido (0); [08001] [Microsoft][ODBC Driver 17 for SQL Server]Error relacionado con la red o específico de instancia al establecer conexión con el servidor SQL Server. El servidor no se encuentra o no está accesible. Compruebe si el nombre de la instancia es correcto y si SQL Server está configurado para permitir conexiones remotas. Para obtener más información, vea los Libros en pantalla de SQL Server. (53)')

The above exception was the direct cause of the following exception:

Traceback (most recent call last):
  File "C:\Users\carlos.alemany\OneDrive - civica-soft.com\Documentos\new especialidades\especialidades-app\helper_functions.py", line 28, in recharge_user_list
    with conn.connect() as connection:
  File "C:\Users\carlos.alemany\OneDrive - civica-soft.com\Documentos\Proyectos\Servihabitat\dbt\svhenv\lib\site-packages\sqlalchemy\engine\base.py", line 3278, in connect
    return self._connection_cls(self)
  File "C:\Users\carlos.alemany\OneDrive - civica-soft.com\Documentos\Proyectos\Servihabitat\dbt\svhenv\lib\site-packages\sqlalchemy\engine\base.py", line 148, in __init__
    Connection._handle_dbapi_exception_noconnection(
  File "C:\Users\carlos.alemany\OneDrive - civica-soft.com\Documentos\Proyectos\Servihabitat\dbt\svhenv\lib\site-packages\sqlalchemy\engine\base.py", line 2442, in _handle_dbapi_exception_noconnection
    raise sqlalchemy_exception.with_traceback(exc_info[2]) from e
  File "C:\Users\carlos.alemany\OneDrive - civica-soft.com\Documentos\Proyectos\Servihabitat\dbt\svhenv\lib\site-packages\sqlalchemy\engine\base.py", line 146, in __init__
    self._dbapi_connection = engine.raw_connection()
  File "C:\Users\carlos.alemany\OneDrive - civica-soft.com\Documentos\Proyectos\Servihabitat\dbt\svhenv\lib\site-packages\sqlalchemy\engine\base.py", line 3302, in raw_connection
    return self.pool.connect()
  File "C:\Users\carlos.alemany\OneDrive - civica-soft.com\Documentos\Proyectos\Servihabitat\dbt\svhenv\lib\site-packages\sqlalchemy\pool\base.py", line 449, in connect
    return _ConnectionFairy._checkout(self)
  File "C:\Users\carlos.alemany\OneDrive - civica-soft.com\Documentos\Proyectos\Servihabitat\dbt\svhenv\lib\site-packages\sqlalchemy\pool\base.py", line 1263, in _checkout
    fairy = _ConnectionRecord.checkout(pool)
  File "C:\Users\carlos.alemany\OneDrive - civica-soft.com\Documentos\Proyectos\Servihabitat\dbt\svhenv\lib\site-packages\sqlalchemy\pool\base.py", line 712, in checkout
    rec = pool._do_get()
  File "C:\Users\carlos.alemany\OneDrive - civica-soft.com\Documentos\Proyectos\Servihabitat\dbt\svhenv\lib\site-packages\sqlalchemy\pool\impl.py", line 179, in _do_get
    with util.safe_reraise():
  File "C:\Users\carlos.alemany\OneDrive - civica-soft.com\Documentos\Proyectos\Servihabitat\dbt\svhenv\lib\site-packages\sqlalchemy\util\langhelpers.py", line 146, in __exit__
    raise exc_value.with_traceback(exc_tb)
  File "C:\Users\carlos.alemany\OneDrive - civica-soft.com\Documentos\Proyectos\Servihabitat\dbt\svhenv\lib\site-packages\sqlalchemy\pool\impl.py", line 177, in _do_get
    return self._create_connection()
  File "C:\Users\carlos.alemany\OneDrive - civica-soft.com\Documentos\Proyectos\Servihabitat\dbt\svhenv\lib\site-packages\sqlalchemy\pool\base.py", line 390, in _create_connection
    return _ConnectionRecord(self)
  File "C:\Users\carlos.alemany\OneDrive - civica-soft.com\Documentos\Proyectos\Servihabitat\dbt\svhenv\lib\site-packages\sqlalchemy\pool\base.py", line 674, in __init__
    self.__connect()
  File "C:\Users\carlos.alemany\OneDrive - civica-soft.com\Documentos\Proyectos\Servihabitat\dbt\svhenv\lib\site-packages\sqlalchemy\pool\base.py", line 900, in __connect
    with util.safe_reraise():
  File "C:\Users\carlos.alemany\OneDrive - civica-soft.com\Documentos\Proyectos\Servihabitat\dbt\svhenv\lib\site-packages\sqlalchemy\util\langhelpers.py", line 146, in __exit__
    raise exc_value.with_traceback(exc_tb)
  File "C:\Users\carlos.alemany\OneDrive - civica-soft.com\Documentos\Proyectos\Servihabitat\dbt\svhenv\lib\site-packages\sqlalchemy\pool\base.py", line 896, in __connect
    self.dbapi_connection = connection = pool._invoke_creator(self)
  File "C:\Users\carlos.alemany\OneDrive - civica-soft.com\Documentos\Proyectos\Servihabitat\dbt\svhenv\lib\site-packages\sqlalchemy\engine\create.py", line 643, in connect
    return dialect.connect(*cargs, **cparams)
  File "C:\Users\carlos.alemany\OneDrive - civica-soft.com\Documentos\Proyectos\Servihabitat\dbt\svhenv\lib\site-packages\sqlalchemy\engine\default.py", line 621, in connect
    return self.loaded_dbapi.connect(*cargs, **cparams)
sqlalchemy.exc.OperationalError: (pyodbc.OperationalError) ('08001', '[08001] [Microsoft][ODBC Driver 17 for SQL Server]Proveedor de canalizaciones con nombre: No se pudo abrir una conexión con SQL Server [53].  (53) (SQLDriverConnect); [08001] [Microsoft][ODBC Driver 17 for SQL Server]Ha finalizado el tiempo de espera de inicio de sesión (0); [08001] [Microsoft][ODBC Driver 17 for SQL Server]Atributo de cadena de conexión no válido (0); [08001] [Microsoft][ODBC Driver 17 for SQL Server]Error relacionado con la red o específico de instancia al establecer conexión con el servidor SQL Server. El servidor no se encuentra o no está accesible. Compruebe si el nombre de la instancia es correcto y si SQL Server está configurado para permitir conexiones remotas. Para obtener más información, vea los Libros en pantalla de SQL Server. (53)')
(Background on this error at: https://sqlalche.me/e/20/e3q8)
2025-03-04 14:46:43,477 - __main__ - INFO - UI patches applied successfully
2025-03-04 14:46:55,748 - helper_functions - ERROR - Error recharging user list: (pyodbc.OperationalError) ('08001', '[08001] [Microsoft][ODBC Driver 17 for SQL Server]Proveedor de canalizaciones con nombre: No se pudo abrir una conexión con SQL Server [53].  (53) (SQLDriverConnect); [08001] [Microsoft][ODBC Driver 17 for SQL Server]Ha finalizado el tiempo de espera de inicio de sesión (0); [08001] [Microsoft][ODBC Driver 17 for SQL Server]Atributo de cadena de conexión no válido (0); [08001] [Microsoft][ODBC Driver 17 for SQL Server]Error relacionado con la red o específico de instancia al establecer conexión con el servidor SQL Server. El servidor no se encuentra o no está accesible. Compruebe si el nombre de la instancia es correcto y si SQL Server está configurado para permitir conexiones remotas. Para obtener más información, vea los Libros en pantalla de SQL Server. (53)')
(Background on this error at: https://sqlalche.me/e/20/e3q8)
Traceback (most recent call last):
  File "C:\Users\carlos.alemany\OneDrive - civica-soft.com\Documentos\Proyectos\Servihabitat\dbt\svhenv\lib\site-packages\sqlalchemy\engine\base.py", line 146, in __init__
    self._dbapi_connection = engine.raw_connection()
  File "C:\Users\carlos.alemany\OneDrive - civica-soft.com\Documentos\Proyectos\Servihabitat\dbt\svhenv\lib\site-packages\sqlalchemy\engine\base.py", line 3302, in raw_connection
    return self.pool.connect()
  File "C:\Users\carlos.alemany\OneDrive - civica-soft.com\Documentos\Proyectos\Servihabitat\dbt\svhenv\lib\site-packages\sqlalchemy\pool\base.py", line 449, in connect
    return _ConnectionFairy._checkout(self)
  File "C:\Users\carlos.alemany\OneDrive - civica-soft.com\Documentos\Proyectos\Servihabitat\dbt\svhenv\lib\site-packages\sqlalchemy\pool\base.py", line 1263, in _checkout
    fairy = _ConnectionRecord.checkout(pool)
  File "C:\Users\carlos.alemany\OneDrive - civica-soft.com\Documentos\Proyectos\Servihabitat\dbt\svhenv\lib\site-packages\sqlalchemy\pool\base.py", line 712, in checkout
    rec = pool._do_get()
  File "C:\Users\carlos.alemany\OneDrive - civica-soft.com\Documentos\Proyectos\Servihabitat\dbt\svhenv\lib\site-packages\sqlalchemy\pool\impl.py", line 179, in _do_get
    with util.safe_reraise():
  File "C:\Users\carlos.alemany\OneDrive - civica-soft.com\Documentos\Proyectos\Servihabitat\dbt\svhenv\lib\site-packages\sqlalchemy\util\langhelpers.py", line 146, in __exit__
    raise exc_value.with_traceback(exc_tb)
  File "C:\Users\carlos.alemany\OneDrive - civica-soft.com\Documentos\Proyectos\Servihabitat\dbt\svhenv\lib\site-packages\sqlalchemy\pool\impl.py", line 177, in _do_get
    return self._create_connection()
  File "C:\Users\carlos.alemany\OneDrive - civica-soft.com\Documentos\Proyectos\Servihabitat\dbt\svhenv\lib\site-packages\sqlalchemy\pool\base.py", line 390, in _create_connection
    return _ConnectionRecord(self)
  File "C:\Users\carlos.alemany\OneDrive - civica-soft.com\Documentos\Proyectos\Servihabitat\dbt\svhenv\lib\site-packages\sqlalchemy\pool\base.py", line 674, in __init__
    self.__connect()
  File "C:\Users\carlos.alemany\OneDrive - civica-soft.com\Documentos\Proyectos\Servihabitat\dbt\svhenv\lib\site-packages\sqlalchemy\pool\base.py", line 900, in __connect
    with util.safe_reraise():
  File "C:\Users\carlos.alemany\OneDrive - civica-soft.com\Documentos\Proyectos\Servihabitat\dbt\svhenv\lib\site-packages\sqlalchemy\util\langhelpers.py", line 146, in __exit__
    raise exc_value.with_traceback(exc_tb)
  File "C:\Users\carlos.alemany\OneDrive - civica-soft.com\Documentos\Proyectos\Servihabitat\dbt\svhenv\lib\site-packages\sqlalchemy\pool\base.py", line 896, in __connect
    self.dbapi_connection = connection = pool._invoke_creator(self)
  File "C:\Users\carlos.alemany\OneDrive - civica-soft.com\Documentos\Proyectos\Servihabitat\dbt\svhenv\lib\site-packages\sqlalchemy\engine\create.py", line 643, in connect
    return dialect.connect(*cargs, **cparams)
  File "C:\Users\carlos.alemany\OneDrive - civica-soft.com\Documentos\Proyectos\Servihabitat\dbt\svhenv\lib\site-packages\sqlalchemy\engine\default.py", line 621, in connect
    return self.loaded_dbapi.connect(*cargs, **cparams)
pyodbc.OperationalError: ('08001', '[08001] [Microsoft][ODBC Driver 17 for SQL Server]Proveedor de canalizaciones con nombre: No se pudo abrir una conexión con SQL Server [53].  (53) (SQLDriverConnect); [08001] [Microsoft][ODBC Driver 17 for SQL Server]Ha finalizado el tiempo de espera de inicio de sesión (0); [08001] [Microsoft][ODBC Driver 17 for SQL Server]Atributo de cadena de conexión no válido (0); [08001] [Microsoft][ODBC Driver 17 for SQL Server]Error relacionado con la red o específico de instancia al establecer conexión con el servidor SQL Server. El servidor no se encuentra o no está accesible. Compruebe si el nombre de la instancia es correcto y si SQL Server está configurado para permitir conexiones remotas. Para obtener más información, vea los Libros en pantalla de SQL Server. (53)')

The above exception was the direct cause of the following exception:

Traceback (most recent call last):
  File "C:\Users\carlos.alemany\OneDrive - civica-soft.com\Documentos\new especialidades\especialidades-app\helper_functions.py", line 28, in recharge_user_list
    with conn.connect() as connection:
  File "C:\Users\carlos.alemany\OneDrive - civica-soft.com\Documentos\Proyectos\Servihabitat\dbt\svhenv\lib\site-packages\sqlalchemy\engine\base.py", line 3278, in connect
    return self._connection_cls(self)
  File "C:\Users\carlos.alemany\OneDrive - civica-soft.com\Documentos\Proyectos\Servihabitat\dbt\svhenv\lib\site-packages\sqlalchemy\engine\base.py", line 148, in __init__
    Connection._handle_dbapi_exception_noconnection(
  File "C:\Users\carlos.alemany\OneDrive - civica-soft.com\Documentos\Proyectos\Servihabitat\dbt\svhenv\lib\site-packages\sqlalchemy\engine\base.py", line 2442, in _handle_dbapi_exception_noconnection
    raise sqlalchemy_exception.with_traceback(exc_info[2]) from e
  File "C:\Users\carlos.alemany\OneDrive - civica-soft.com\Documentos\Proyectos\Servihabitat\dbt\svhenv\lib\site-packages\sqlalchemy\engine\base.py", line 146, in __init__
    self._dbapi_connection = engine.raw_connection()
  File "C:\Users\carlos.alemany\OneDrive - civica-soft.com\Documentos\Proyectos\Servihabitat\dbt\svhenv\lib\site-packages\sqlalchemy\engine\base.py", line 3302, in raw_connection
    return self.pool.connect()
  File "C:\Users\carlos.alemany\OneDrive - civica-soft.com\Documentos\Proyectos\Servihabitat\dbt\svhenv\lib\site-packages\sqlalchemy\pool\base.py", line 449, in connect
    return _ConnectionFairy._checkout(self)
  File "C:\Users\carlos.alemany\OneDrive - civica-soft.com\Documentos\Proyectos\Servihabitat\dbt\svhenv\lib\site-packages\sqlalchemy\pool\base.py", line 1263, in _checkout
    fairy = _ConnectionRecord.checkout(pool)
  File "C:\Users\carlos.alemany\OneDrive - civica-soft.com\Documentos\Proyectos\Servihabitat\dbt\svhenv\lib\site-packages\sqlalchemy\pool\base.py", line 712, in checkout
    rec = pool._do_get()
  File "C:\Users\carlos.alemany\OneDrive - civica-soft.com\Documentos\Proyectos\Servihabitat\dbt\svhenv\lib\site-packages\sqlalchemy\pool\impl.py", line 179, in _do_get
    with util.safe_reraise():
  File "C:\Users\carlos.alemany\OneDrive - civica-soft.com\Documentos\Proyectos\Servihabitat\dbt\svhenv\lib\site-packages\sqlalchemy\util\langhelpers.py", line 146, in __exit__
    raise exc_value.with_traceback(exc_tb)
  File "C:\Users\carlos.alemany\OneDrive - civica-soft.com\Documentos\Proyectos\Servihabitat\dbt\svhenv\lib\site-packages\sqlalchemy\pool\impl.py", line 177, in _do_get
    return self._create_connection()
  File "C:\Users\carlos.alemany\OneDrive - civica-soft.com\Documentos\Proyectos\Servihabitat\dbt\svhenv\lib\site-packages\sqlalchemy\pool\base.py", line 390, in _create_connection
    return _ConnectionRecord(self)
  File "C:\Users\carlos.alemany\OneDrive - civica-soft.com\Documentos\Proyectos\Servihabitat\dbt\svhenv\lib\site-packages\sqlalchemy\pool\base.py", line 674, in __init__
    self.__connect()
  File "C:\Users\carlos.alemany\OneDrive - civica-soft.com\Documentos\Proyectos\Servihabitat\dbt\svhenv\lib\site-packages\sqlalchemy\pool\base.py", line 900, in __connect
    with util.safe_reraise():
  File "C:\Users\carlos.alemany\OneDrive - civica-soft.com\Documentos\Proyectos\Servihabitat\dbt\svhenv\lib\site-packages\sqlalchemy\util\langhelpers.py", line 146, in __exit__
    raise exc_value.with_traceback(exc_tb)
  File "C:\Users\carlos.alemany\OneDrive - civica-soft.com\Documentos\Proyectos\Servihabitat\dbt\svhenv\lib\site-packages\sqlalchemy\pool\base.py", line 896, in __connect
    self.dbapi_connection = connection = pool._invoke_creator(self)
  File "C:\Users\carlos.alemany\OneDrive - civica-soft.com\Documentos\Proyectos\Servihabitat\dbt\svhenv\lib\site-packages\sqlalchemy\engine\create.py", line 643, in connect
    return dialect.connect(*cargs, **cparams)
  File "C:\Users\carlos.alemany\OneDrive - civica-soft.com\Documentos\Proyectos\Servihabitat\dbt\svhenv\lib\site-packages\sqlalchemy\engine\default.py", line 621, in connect
    return self.loaded_dbapi.connect(*cargs, **cparams)
sqlalchemy.exc.OperationalError: (pyodbc.OperationalError) ('08001', '[08001] [Microsoft][ODBC Driver 17 for SQL Server]Proveedor de canalizaciones con nombre: No se pudo abrir una conexión con SQL Server [53].  (53) (SQLDriverConnect); [08001] [Microsoft][ODBC Driver 17 for SQL Server]Ha finalizado el tiempo de espera de inicio de sesión (0); [08001] [Microsoft][ODBC Driver 17 for SQL Server]Atributo de cadena de conexión no válido (0); [08001] [Microsoft][ODBC Driver 17 for SQL Server]Error relacionado con la red o específico de instancia al establecer conexión con el servidor SQL Server. El servidor no se encuentra o no está accesible. Compruebe si el nombre de la instancia es correcto y si SQL Server está configurado para permitir conexiones remotas. Para obtener más información, vea los Libros en pantalla de SQL Server. (53)')
(Background on this error at: https://sqlalche.me/e/20/e3q8)
2025-03-04 14:46:58,539 - helper_functions - ERROR - Error recharging user list: (pyodbc.OperationalError) ('08001', '[08001] [Microsoft][ODBC Driver 17 for SQL Server]Proveedor de canalizaciones con nombre: No se pudo abrir una conexión con SQL Server [53].  (53) (SQLDriverConnect); [08001] [Microsoft][ODBC Driver 17 for SQL Server]Ha finalizado el tiempo de espera de inicio de sesión (0); [08001] [Microsoft][ODBC Driver 17 for SQL Server]Atributo de cadena de conexión no válido (0); [08001] [Microsoft][ODBC Driver 17 for SQL Server]Error relacionado con la red o específico de instancia al establecer conexión con el servidor SQL Server. El servidor no se encuentra o no está accesible. Compruebe si el nombre de la instancia es correcto y si SQL Server está configurado para permitir conexiones remotas. Para obtener más información, vea los Libros en pantalla de SQL Server. (53)')
(Background on this error at: https://sqlalche.me/e/20/e3q8)
Traceback (most recent call last):
  File "C:\Users\carlos.alemany\OneDrive - civica-soft.com\Documentos\Proyectos\Servihabitat\dbt\svhenv\lib\site-packages\sqlalchemy\engine\base.py", line 146, in __init__
    self._dbapi_connection = engine.raw_connection()
  File "C:\Users\carlos.alemany\OneDrive - civica-soft.com\Documentos\Proyectos\Servihabitat\dbt\svhenv\lib\site-packages\sqlalchemy\engine\base.py", line 3302, in raw_connection
    return self.pool.connect()
  File "C:\Users\carlos.alemany\OneDrive - civica-soft.com\Documentos\Proyectos\Servihabitat\dbt\svhenv\lib\site-packages\sqlalchemy\pool\base.py", line 449, in connect
    return _ConnectionFairy._checkout(self)
  File "C:\Users\carlos.alemany\OneDrive - civica-soft.com\Documentos\Proyectos\Servihabitat\dbt\svhenv\lib\site-packages\sqlalchemy\pool\base.py", line 1263, in _checkout
    fairy = _ConnectionRecord.checkout(pool)
  File "C:\Users\carlos.alemany\OneDrive - civica-soft.com\Documentos\Proyectos\Servihabitat\dbt\svhenv\lib\site-packages\sqlalchemy\pool\base.py", line 712, in checkout
    rec = pool._do_get()
  File "C:\Users\carlos.alemany\OneDrive - civica-soft.com\Documentos\Proyectos\Servihabitat\dbt\svhenv\lib\site-packages\sqlalchemy\pool\impl.py", line 179, in _do_get
    with util.safe_reraise():
  File "C:\Users\carlos.alemany\OneDrive - civica-soft.com\Documentos\Proyectos\Servihabitat\dbt\svhenv\lib\site-packages\sqlalchemy\util\langhelpers.py", line 146, in __exit__
    raise exc_value.with_traceback(exc_tb)
  File "C:\Users\carlos.alemany\OneDrive - civica-soft.com\Documentos\Proyectos\Servihabitat\dbt\svhenv\lib\site-packages\sqlalchemy\pool\impl.py", line 177, in _do_get
    return self._create_connection()
  File "C:\Users\carlos.alemany\OneDrive - civica-soft.com\Documentos\Proyectos\Servihabitat\dbt\svhenv\lib\site-packages\sqlalchemy\pool\base.py", line 390, in _create_connection
    return _ConnectionRecord(self)
  File "C:\Users\carlos.alemany\OneDrive - civica-soft.com\Documentos\Proyectos\Servihabitat\dbt\svhenv\lib\site-packages\sqlalchemy\pool\base.py", line 674, in __init__
    self.__connect()
  File "C:\Users\carlos.alemany\OneDrive - civica-soft.com\Documentos\Proyectos\Servihabitat\dbt\svhenv\lib\site-packages\sqlalchemy\pool\base.py", line 900, in __connect
    with util.safe_reraise():
  File "C:\Users\carlos.alemany\OneDrive - civica-soft.com\Documentos\Proyectos\Servihabitat\dbt\svhenv\lib\site-packages\sqlalchemy\util\langhelpers.py", line 146, in __exit__
    raise exc_value.with_traceback(exc_tb)
  File "C:\Users\carlos.alemany\OneDrive - civica-soft.com\Documentos\Proyectos\Servihabitat\dbt\svhenv\lib\site-packages\sqlalchemy\pool\base.py", line 896, in __connect
    self.dbapi_connection = connection = pool._invoke_creator(self)
  File "C:\Users\carlos.alemany\OneDrive - civica-soft.com\Documentos\Proyectos\Servihabitat\dbt\svhenv\lib\site-packages\sqlalchemy\engine\create.py", line 643, in connect
    return dialect.connect(*cargs, **cparams)
  File "C:\Users\carlos.alemany\OneDrive - civica-soft.com\Documentos\Proyectos\Servihabitat\dbt\svhenv\lib\site-packages\sqlalchemy\engine\default.py", line 621, in connect
    return self.loaded_dbapi.connect(*cargs, **cparams)
pyodbc.OperationalError: ('08001', '[08001] [Microsoft][ODBC Driver 17 for SQL Server]Proveedor de canalizaciones con nombre: No se pudo abrir una conexión con SQL Server [53].  (53) (SQLDriverConnect); [08001] [Microsoft][ODBC Driver 17 for SQL Server]Ha finalizado el tiempo de espera de inicio de sesión (0); [08001] [Microsoft][ODBC Driver 17 for SQL Server]Atributo de cadena de conexión no válido (0); [08001] [Microsoft][ODBC Driver 17 for SQL Server]Error relacionado con la red o específico de instancia al establecer conexión con el servidor SQL Server. El servidor no se encuentra o no está accesible. Compruebe si el nombre de la instancia es correcto y si SQL Server está configurado para permitir conexiones remotas. Para obtener más información, vea los Libros en pantalla de SQL Server. (53)')

The above exception was the direct cause of the following exception:

Traceback (most recent call last):
  File "C:\Users\carlos.alemany\OneDrive - civica-soft.com\Documentos\new especialidades\especialidades-app\helper_functions.py", line 28, in recharge_user_list
    with conn.connect() as connection:
  File "C:\Users\carlos.alemany\OneDrive - civica-soft.com\Documentos\Proyectos\Servihabitat\dbt\svhenv\lib\site-packages\sqlalchemy\engine\base.py", line 3278, in connect
    return self._connection_cls(self)
  File "C:\Users\carlos.alemany\OneDrive - civica-soft.com\Documentos\Proyectos\Servihabitat\dbt\svhenv\lib\site-packages\sqlalchemy\engine\base.py", line 148, in __init__
    Connection._handle_dbapi_exception_noconnection(
  File "C:\Users\carlos.alemany\OneDrive - civica-soft.com\Documentos\Proyectos\Servihabitat\dbt\svhenv\lib\site-packages\sqlalchemy\engine\base.py", line 2442, in _handle_dbapi_exception_noconnection
    raise sqlalchemy_exception.with_traceback(exc_info[2]) from e
  File "C:\Users\carlos.alemany\OneDrive - civica-soft.com\Documentos\Proyectos\Servihabitat\dbt\svhenv\lib\site-packages\sqlalchemy\engine\base.py", line 146, in __init__
    self._dbapi_connection = engine.raw_connection()
  File "C:\Users\carlos.alemany\OneDrive - civica-soft.com\Documentos\Proyectos\Servihabitat\dbt\svhenv\lib\site-packages\sqlalchemy\engine\base.py", line 3302, in raw_connection
    return self.pool.connect()
  File "C:\Users\carlos.alemany\OneDrive - civica-soft.com\Documentos\Proyectos\Servihabitat\dbt\svhenv\lib\site-packages\sqlalchemy\pool\base.py", line 449, in connect
    return _ConnectionFairy._checkout(self)
  File "C:\Users\carlos.alemany\OneDrive - civica-soft.com\Documentos\Proyectos\Servihabitat\dbt\svhenv\lib\site-packages\sqlalchemy\pool\base.py", line 1263, in _checkout
    fairy = _ConnectionRecord.checkout(pool)
  File "C:\Users\carlos.alemany\OneDrive - civica-soft.com\Documentos\Proyectos\Servihabitat\dbt\svhenv\lib\site-packages\sqlalchemy\pool\base.py", line 712, in checkout
    rec = pool._do_get()
  File "C:\Users\carlos.alemany\OneDrive - civica-soft.com\Documentos\Proyectos\Servihabitat\dbt\svhenv\lib\site-packages\sqlalchemy\pool\impl.py", line 179, in _do_get
    with util.safe_reraise():
  File "C:\Users\carlos.alemany\OneDrive - civica-soft.com\Documentos\Proyectos\Servihabitat\dbt\svhenv\lib\site-packages\sqlalchemy\util\langhelpers.py", line 146, in __exit__
    raise exc_value.with_traceback(exc_tb)
  File "C:\Users\carlos.alemany\OneDrive - civica-soft.com\Documentos\Proyectos\Servihabitat\dbt\svhenv\lib\site-packages\sqlalchemy\pool\impl.py", line 177, in _do_get
    return self._create_connection()
  File "C:\Users\carlos.alemany\OneDrive - civica-soft.com\Documentos\Proyectos\Servihabitat\dbt\svhenv\lib\site-packages\sqlalchemy\pool\base.py", line 390, in _create_connection
    return _ConnectionRecord(self)
  File "C:\Users\carlos.alemany\OneDrive - civica-soft.com\Documentos\Proyectos\Servihabitat\dbt\svhenv\lib\site-packages\sqlalchemy\pool\base.py", line 674, in __init__
    self.__connect()
  File "C:\Users\carlos.alemany\OneDrive - civica-soft.com\Documentos\Proyectos\Servihabitat\dbt\svhenv\lib\site-packages\sqlalchemy\pool\base.py", line 900, in __connect
    with util.safe_reraise():
  File "C:\Users\carlos.alemany\OneDrive - civica-soft.com\Documentos\Proyectos\Servihabitat\dbt\svhenv\lib\site-packages\sqlalchemy\util\langhelpers.py", line 146, in __exit__
    raise exc_value.with_traceback(exc_tb)
  File "C:\Users\carlos.alemany\OneDrive - civica-soft.com\Documentos\Proyectos\Servihabitat\dbt\svhenv\lib\site-packages\sqlalchemy\pool\base.py", line 896, in __connect
    self.dbapi_connection = connection = pool._invoke_creator(self)
  File "C:\Users\carlos.alemany\OneDrive - civica-soft.com\Documentos\Proyectos\Servihabitat\dbt\svhenv\lib\site-packages\sqlalchemy\engine\create.py", line 643, in connect
    return dialect.connect(*cargs, **cparams)
  File "C:\Users\carlos.alemany\OneDrive - civica-soft.com\Documentos\Proyectos\Servihabitat\dbt\svhenv\lib\site-packages\sqlalchemy\engine\default.py", line 621, in connect
    return self.loaded_dbapi.connect(*cargs, **cparams)
sqlalchemy.exc.OperationalError: (pyodbc.OperationalError) ('08001', '[08001] [Microsoft][ODBC Driver 17 for SQL Server]Proveedor de canalizaciones con nombre: No se pudo abrir una conexión con SQL Server [53].  (53) (SQLDriverConnect); [08001] [Microsoft][ODBC Driver 17 for SQL Server]Ha finalizado el tiempo de espera de inicio de sesión (0); [08001] [Microsoft][ODBC Driver 17 for SQL Server]Atributo de cadena de conexión no válido (0); [08001] [Microsoft][ODBC Driver 17 for SQL Server]Error relacionado con la red o específico de instancia al establecer conexión con el servidor SQL Server. El servidor no se encuentra o no está accesible. Compruebe si el nombre de la instancia es correcto y si SQL Server está configurado para permitir conexiones remotas. Para obtener más información, vea los Libros en pantalla de SQL Server. (53)')
(Background on this error at: https://sqlalche.me/e/20/e3q8)
2025-03-04 14:47:06,266 - __main__ - INFO - UI patches applied successfully
2025-03-04 14:47:15,247 - __main__ - INFO - UI patches applied successfully
2025-03-04 14:47:21,355 - helper_functions - ERROR - Error recharging user list: (pyodbc.OperationalError) ('08001', '[08001] [Microsoft][ODBC Driver 17 for SQL Server]Proveedor de canalizaciones con nombre: No se pudo abrir una conexión con SQL Server [53].  (53) (SQLDriverConnect); [08001] [Microsoft][ODBC Driver 17 for SQL Server]Ha finalizado el tiempo de espera de inicio de sesión (0); [08001] [Microsoft][ODBC Driver 17 for SQL Server]Atributo de cadena de conexión no válido (0); [08001] [Microsoft][ODBC Driver 17 for SQL Server]Error relacionado con la red o específico de instancia al establecer conexión con el servidor SQL Server. El servidor no se encuentra o no está accesible. Compruebe si el nombre de la instancia es correcto y si SQL Server está configurado para permitir conexiones remotas. Para obtener más información, vea los Libros en pantalla de SQL Server. (53)')
(Background on this error at: https://sqlalche.me/e/20/e3q8)
Traceback (most recent call last):
  File "C:\Users\carlos.alemany\OneDrive - civica-soft.com\Documentos\Proyectos\Servihabitat\dbt\svhenv\lib\site-packages\sqlalchemy\engine\base.py", line 146, in __init__
    self._dbapi_connection = engine.raw_connection()
  File "C:\Users\carlos.alemany\OneDrive - civica-soft.com\Documentos\Proyectos\Servihabitat\dbt\svhenv\lib\site-packages\sqlalchemy\engine\base.py", line 3302, in raw_connection
    return self.pool.connect()
  File "C:\Users\carlos.alemany\OneDrive - civica-soft.com\Documentos\Proyectos\Servihabitat\dbt\svhenv\lib\site-packages\sqlalchemy\pool\base.py", line 449, in connect
    return _ConnectionFairy._checkout(self)
  File "C:\Users\carlos.alemany\OneDrive - civica-soft.com\Documentos\Proyectos\Servihabitat\dbt\svhenv\lib\site-packages\sqlalchemy\pool\base.py", line 1263, in _checkout
    fairy = _ConnectionRecord.checkout(pool)
  File "C:\Users\carlos.alemany\OneDrive - civica-soft.com\Documentos\Proyectos\Servihabitat\dbt\svhenv\lib\site-packages\sqlalchemy\pool\base.py", line 712, in checkout
    rec = pool._do_get()
  File "C:\Users\carlos.alemany\OneDrive - civica-soft.com\Documentos\Proyectos\Servihabitat\dbt\svhenv\lib\site-packages\sqlalchemy\pool\impl.py", line 179, in _do_get
    with util.safe_reraise():
  File "C:\Users\carlos.alemany\OneDrive - civica-soft.com\Documentos\Proyectos\Servihabitat\dbt\svhenv\lib\site-packages\sqlalchemy\util\langhelpers.py", line 146, in __exit__
    raise exc_value.with_traceback(exc_tb)
  File "C:\Users\carlos.alemany\OneDrive - civica-soft.com\Documentos\Proyectos\Servihabitat\dbt\svhenv\lib\site-packages\sqlalchemy\pool\impl.py", line 177, in _do_get
    return self._create_connection()
  File "C:\Users\carlos.alemany\OneDrive - civica-soft.com\Documentos\Proyectos\Servihabitat\dbt\svhenv\lib\site-packages\sqlalchemy\pool\base.py", line 390, in _create_connection
    return _ConnectionRecord(self)
  File "C:\Users\carlos.alemany\OneDrive - civica-soft.com\Documentos\Proyectos\Servihabitat\dbt\svhenv\lib\site-packages\sqlalchemy\pool\base.py", line 674, in __init__
    self.__connect()
  File "C:\Users\carlos.alemany\OneDrive - civica-soft.com\Documentos\Proyectos\Servihabitat\dbt\svhenv\lib\site-packages\sqlalchemy\pool\base.py", line 900, in __connect
    with util.safe_reraise():
  File "C:\Users\carlos.alemany\OneDrive - civica-soft.com\Documentos\Proyectos\Servihabitat\dbt\svhenv\lib\site-packages\sqlalchemy\util\langhelpers.py", line 146, in __exit__
    raise exc_value.with_traceback(exc_tb)
  File "C:\Users\carlos.alemany\OneDrive - civica-soft.com\Documentos\Proyectos\Servihabitat\dbt\svhenv\lib\site-packages\sqlalchemy\pool\base.py", line 896, in __connect
    self.dbapi_connection = connection = pool._invoke_creator(self)
  File "C:\Users\carlos.alemany\OneDrive - civica-soft.com\Documentos\Proyectos\Servihabitat\dbt\svhenv\lib\site-packages\sqlalchemy\engine\create.py", line 643, in connect
    return dialect.connect(*cargs, **cparams)
  File "C:\Users\carlos.alemany\OneDrive - civica-soft.com\Documentos\Proyectos\Servihabitat\dbt\svhenv\lib\site-packages\sqlalchemy\engine\default.py", line 621, in connect
    return self.loaded_dbapi.connect(*cargs, **cparams)
pyodbc.OperationalError: ('08001', '[08001] [Microsoft][ODBC Driver 17 for SQL Server]Proveedor de canalizaciones con nombre: No se pudo abrir una conexión con SQL Server [53].  (53) (SQLDriverConnect); [08001] [Microsoft][ODBC Driver 17 for SQL Server]Ha finalizado el tiempo de espera de inicio de sesión (0); [08001] [Microsoft][ODBC Driver 17 for SQL Server]Atributo de cadena de conexión no válido (0); [08001] [Microsoft][ODBC Driver 17 for SQL Server]Error relacionado con la red o específico de instancia al establecer conexión con el servidor SQL Server. El servidor no se encuentra o no está accesible. Compruebe si el nombre de la instancia es correcto y si SQL Server está configurado para permitir conexiones remotas. Para obtener más información, vea los Libros en pantalla de SQL Server. (53)')

The above exception was the direct cause of the following exception:

Traceback (most recent call last):
  File "C:\Users\carlos.alemany\OneDrive - civica-soft.com\Documentos\new especialidades\especialidades-app\helper_functions.py", line 28, in recharge_user_list
    with conn.connect() as connection:
  File "C:\Users\carlos.alemany\OneDrive - civica-soft.com\Documentos\Proyectos\Servihabitat\dbt\svhenv\lib\site-packages\sqlalchemy\engine\base.py", line 3278, in connect
    return self._connection_cls(self)
  File "C:\Users\carlos.alemany\OneDrive - civica-soft.com\Documentos\Proyectos\Servihabitat\dbt\svhenv\lib\site-packages\sqlalchemy\engine\base.py", line 148, in __init__
    Connection._handle_dbapi_exception_noconnection(
  File "C:\Users\carlos.alemany\OneDrive - civica-soft.com\Documentos\Proyectos\Servihabitat\dbt\svhenv\lib\site-packages\sqlalchemy\engine\base.py", line 2442, in _handle_dbapi_exception_noconnection
    raise sqlalchemy_exception.with_traceback(exc_info[2]) from e
  File "C:\Users\carlos.alemany\OneDrive - civica-soft.com\Documentos\Proyectos\Servihabitat\dbt\svhenv\lib\site-packages\sqlalchemy\engine\base.py", line 146, in __init__
    self._dbapi_connection = engine.raw_connection()
  File "C:\Users\carlos.alemany\OneDrive - civica-soft.com\Documentos\Proyectos\Servihabitat\dbt\svhenv\lib\site-packages\sqlalchemy\engine\base.py", line 3302, in raw_connection
    return self.pool.connect()
  File "C:\Users\carlos.alemany\OneDrive - civica-soft.com\Documentos\Proyectos\Servihabitat\dbt\svhenv\lib\site-packages\sqlalchemy\pool\base.py", line 449, in connect
    return _ConnectionFairy._checkout(self)
  File "C:\Users\carlos.alemany\OneDrive - civica-soft.com\Documentos\Proyectos\Servihabitat\dbt\svhenv\lib\site-packages\sqlalchemy\pool\base.py", line 1263, in _checkout
    fairy = _ConnectionRecord.checkout(pool)
  File "C:\Users\carlos.alemany\OneDrive - civica-soft.com\Documentos\Proyectos\Servihabitat\dbt\svhenv\lib\site-packages\sqlalchemy\pool\base.py", line 712, in checkout
    rec = pool._do_get()
  File "C:\Users\carlos.alemany\OneDrive - civica-soft.com\Documentos\Proyectos\Servihabitat\dbt\svhenv\lib\site-packages\sqlalchemy\pool\impl.py", line 179, in _do_get
    with util.safe_reraise():
  File "C:\Users\carlos.alemany\OneDrive - civica-soft.com\Documentos\Proyectos\Servihabitat\dbt\svhenv\lib\site-packages\sqlalchemy\util\langhelpers.py", line 146, in __exit__
    raise exc_value.with_traceback(exc_tb)
  File "C:\Users\carlos.alemany\OneDrive - civica-soft.com\Documentos\Proyectos\Servihabitat\dbt\svhenv\lib\site-packages\sqlalchemy\pool\impl.py", line 177, in _do_get
    return self._create_connection()
  File "C:\Users\carlos.alemany\OneDrive - civica-soft.com\Documentos\Proyectos\Servihabitat\dbt\svhenv\lib\site-packages\sqlalchemy\pool\base.py", line 390, in _create_connection
    return _ConnectionRecord(self)
  File "C:\Users\carlos.alemany\OneDrive - civica-soft.com\Documentos\Proyectos\Servihabitat\dbt\svhenv\lib\site-packages\sqlalchemy\pool\base.py", line 674, in __init__
    self.__connect()
  File "C:\Users\carlos.alemany\OneDrive - civica-soft.com\Documentos\Proyectos\Servihabitat\dbt\svhenv\lib\site-packages\sqlalchemy\pool\base.py", line 900, in __connect
    with util.safe_reraise():
  File "C:\Users\carlos.alemany\OneDrive - civica-soft.com\Documentos\Proyectos\Servihabitat\dbt\svhenv\lib\site-packages\sqlalchemy\util\langhelpers.py", line 146, in __exit__
    raise exc_value.with_traceback(exc_tb)
  File "C:\Users\carlos.alemany\OneDrive - civica-soft.com\Documentos\Proyectos\Servihabitat\dbt\svhenv\lib\site-packages\sqlalchemy\pool\base.py", line 896, in __connect
    self.dbapi_connection = connection = pool._invoke_creator(self)
  File "C:\Users\carlos.alemany\OneDrive - civica-soft.com\Documentos\Proyectos\Servihabitat\dbt\svhenv\lib\site-packages\sqlalchemy\engine\create.py", line 643, in connect
    return dialect.connect(*cargs, **cparams)
  File "C:\Users\carlos.alemany\OneDrive - civica-soft.com\Documentos\Proyectos\Servihabitat\dbt\svhenv\lib\site-packages\sqlalchemy\engine\default.py", line 621, in connect
    return self.loaded_dbapi.connect(*cargs, **cparams)
sqlalchemy.exc.OperationalError: (pyodbc.OperationalError) ('08001', '[08001] [Microsoft][ODBC Driver 17 for SQL Server]Proveedor de canalizaciones con nombre: No se pudo abrir una conexión con SQL Server [53].  (53) (SQLDriverConnect); [08001] [Microsoft][ODBC Driver 17 for SQL Server]Ha finalizado el tiempo de espera de inicio de sesión (0); [08001] [Microsoft][ODBC Driver 17 for SQL Server]Atributo de cadena de conexión no válido (0); [08001] [Microsoft][ODBC Driver 17 for SQL Server]Error relacionado con la red o específico de instancia al establecer conexión con el servidor SQL Server. El servidor no se encuentra o no está accesible. Compruebe si el nombre de la instancia es correcto y si SQL Server está configurado para permitir conexiones remotas. Para obtener más información, vea los Libros en pantalla de SQL Server. (53)')
(Background on this error at: https://sqlalche.me/e/20/e3q8)
2025-03-04 14:47:30,333 - helper_functions - ERROR - Error recharging user list: (pyodbc.OperationalError) ('08001', '[08001] [Microsoft][ODBC Driver 17 for SQL Server]Proveedor de canalizaciones con nombre: No se pudo abrir una conexión con SQL Server [53].  (53) (SQLDriverConnect); [08001] [Microsoft][ODBC Driver 17 for SQL Server]Ha finalizado el tiempo de espera de inicio de sesión (0); [08001] [Microsoft][ODBC Driver 17 for SQL Server]Atributo de cadena de conexión no válido (0); [08001] [Microsoft][ODBC Driver 17 for SQL Server]Error relacionado con la red o específico de instancia al establecer conexión con el servidor SQL Server. El servidor no se encuentra o no está accesible. Compruebe si el nombre de la instancia es correcto y si SQL Server está configurado para permitir conexiones remotas. Para obtener más información, vea los Libros en pantalla de SQL Server. (53)')
(Background on this error at: https://sqlalche.me/e/20/e3q8)
Traceback (most recent call last):
  File "C:\Users\carlos.alemany\OneDrive - civica-soft.com\Documentos\Proyectos\Servihabitat\dbt\svhenv\lib\site-packages\sqlalchemy\engine\base.py", line 146, in __init__
    self._dbapi_connection = engine.raw_connection()
  File "C:\Users\carlos.alemany\OneDrive - civica-soft.com\Documentos\Proyectos\Servihabitat\dbt\svhenv\lib\site-packages\sqlalchemy\engine\base.py", line 3302, in raw_connection
    return self.pool.connect()
  File "C:\Users\carlos.alemany\OneDrive - civica-soft.com\Documentos\Proyectos\Servihabitat\dbt\svhenv\lib\site-packages\sqlalchemy\pool\base.py", line 449, in connect
    return _ConnectionFairy._checkout(self)
  File "C:\Users\carlos.alemany\OneDrive - civica-soft.com\Documentos\Proyectos\Servihabitat\dbt\svhenv\lib\site-packages\sqlalchemy\pool\base.py", line 1263, in _checkout
    fairy = _ConnectionRecord.checkout(pool)
  File "C:\Users\carlos.alemany\OneDrive - civica-soft.com\Documentos\Proyectos\Servihabitat\dbt\svhenv\lib\site-packages\sqlalchemy\pool\base.py", line 712, in checkout
    rec = pool._do_get()
  File "C:\Users\carlos.alemany\OneDrive - civica-soft.com\Documentos\Proyectos\Servihabitat\dbt\svhenv\lib\site-packages\sqlalchemy\pool\impl.py", line 179, in _do_get
    with util.safe_reraise():
  File "C:\Users\carlos.alemany\OneDrive - civica-soft.com\Documentos\Proyectos\Servihabitat\dbt\svhenv\lib\site-packages\sqlalchemy\util\langhelpers.py", line 146, in __exit__
    raise exc_value.with_traceback(exc_tb)
  File "C:\Users\carlos.alemany\OneDrive - civica-soft.com\Documentos\Proyectos\Servihabitat\dbt\svhenv\lib\site-packages\sqlalchemy\pool\impl.py", line 177, in _do_get
    return self._create_connection()
  File "C:\Users\carlos.alemany\OneDrive - civica-soft.com\Documentos\Proyectos\Servihabitat\dbt\svhenv\lib\site-packages\sqlalchemy\pool\base.py", line 390, in _create_connection
    return _ConnectionRecord(self)
  File "C:\Users\carlos.alemany\OneDrive - civica-soft.com\Documentos\Proyectos\Servihabitat\dbt\svhenv\lib\site-packages\sqlalchemy\pool\base.py", line 674, in __init__
    self.__connect()
  File "C:\Users\carlos.alemany\OneDrive - civica-soft.com\Documentos\Proyectos\Servihabitat\dbt\svhenv\lib\site-packages\sqlalchemy\pool\base.py", line 900, in __connect
    with util.safe_reraise():
  File "C:\Users\carlos.alemany\OneDrive - civica-soft.com\Documentos\Proyectos\Servihabitat\dbt\svhenv\lib\site-packages\sqlalchemy\util\langhelpers.py", line 146, in __exit__
    raise exc_value.with_traceback(exc_tb)
  File "C:\Users\carlos.alemany\OneDrive - civica-soft.com\Documentos\Proyectos\Servihabitat\dbt\svhenv\lib\site-packages\sqlalchemy\pool\base.py", line 896, in __connect
    self.dbapi_connection = connection = pool._invoke_creator(self)
  File "C:\Users\carlos.alemany\OneDrive - civica-soft.com\Documentos\Proyectos\Servihabitat\dbt\svhenv\lib\site-packages\sqlalchemy\engine\create.py", line 643, in connect
    return dialect.connect(*cargs, **cparams)
  File "C:\Users\carlos.alemany\OneDrive - civica-soft.com\Documentos\Proyectos\Servihabitat\dbt\svhenv\lib\site-packages\sqlalchemy\engine\default.py", line 621, in connect
    return self.loaded_dbapi.connect(*cargs, **cparams)
pyodbc.OperationalError: ('08001', '[08001] [Microsoft][ODBC Driver 17 for SQL Server]Proveedor de canalizaciones con nombre: No se pudo abrir una conexión con SQL Server [53].  (53) (SQLDriverConnect); [08001] [Microsoft][ODBC Driver 17 for SQL Server]Ha finalizado el tiempo de espera de inicio de sesión (0); [08001] [Microsoft][ODBC Driver 17 for SQL Server]Atributo de cadena de conexión no válido (0); [08001] [Microsoft][ODBC Driver 17 for SQL Server]Error relacionado con la red o específico de instancia al establecer conexión con el servidor SQL Server. El servidor no se encuentra o no está accesible. Compruebe si el nombre de la instancia es correcto y si SQL Server está configurado para permitir conexiones remotas. Para obtener más información, vea los Libros en pantalla de SQL Server. (53)')

The above exception was the direct cause of the following exception:

Traceback (most recent call last):
  File "C:\Users\carlos.alemany\OneDrive - civica-soft.com\Documentos\new especialidades\especialidades-app\helper_functions.py", line 28, in recharge_user_list
    with conn.connect() as connection:
  File "C:\Users\carlos.alemany\OneDrive - civica-soft.com\Documentos\Proyectos\Servihabitat\dbt\svhenv\lib\site-packages\sqlalchemy\engine\base.py", line 3278, in connect
    return self._connection_cls(self)
  File "C:\Users\carlos.alemany\OneDrive - civica-soft.com\Documentos\Proyectos\Servihabitat\dbt\svhenv\lib\site-packages\sqlalchemy\engine\base.py", line 148, in __init__
    Connection._handle_dbapi_exception_noconnection(
  File "C:\Users\carlos.alemany\OneDrive - civica-soft.com\Documentos\Proyectos\Servihabitat\dbt\svhenv\lib\site-packages\sqlalchemy\engine\base.py", line 2442, in _handle_dbapi_exception_noconnection
    raise sqlalchemy_exception.with_traceback(exc_info[2]) from e
  File "C:\Users\carlos.alemany\OneDrive - civica-soft.com\Documentos\Proyectos\Servihabitat\dbt\svhenv\lib\site-packages\sqlalchemy\engine\base.py", line 146, in __init__
    self._dbapi_connection = engine.raw_connection()
  File "C:\Users\carlos.alemany\OneDrive - civica-soft.com\Documentos\Proyectos\Servihabitat\dbt\svhenv\lib\site-packages\sqlalchemy\engine\base.py", line 3302, in raw_connection
    return self.pool.connect()
  File "C:\Users\carlos.alemany\OneDrive - civica-soft.com\Documentos\Proyectos\Servihabitat\dbt\svhenv\lib\site-packages\sqlalchemy\pool\base.py", line 449, in connect
    return _ConnectionFairy._checkout(self)
  File "C:\Users\carlos.alemany\OneDrive - civica-soft.com\Documentos\Proyectos\Servihabitat\dbt\svhenv\lib\site-packages\sqlalchemy\pool\base.py", line 1263, in _checkout
    fairy = _ConnectionRecord.checkout(pool)
  File "C:\Users\carlos.alemany\OneDrive - civica-soft.com\Documentos\Proyectos\Servihabitat\dbt\svhenv\lib\site-packages\sqlalchemy\pool\base.py", line 712, in checkout
    rec = pool._do_get()
  File "C:\Users\carlos.alemany\OneDrive - civica-soft.com\Documentos\Proyectos\Servihabitat\dbt\svhenv\lib\site-packages\sqlalchemy\pool\impl.py", line 179, in _do_get
    with util.safe_reraise():
  File "C:\Users\carlos.alemany\OneDrive - civica-soft.com\Documentos\Proyectos\Servihabitat\dbt\svhenv\lib\site-packages\sqlalchemy\util\langhelpers.py", line 146, in __exit__
    raise exc_value.with_traceback(exc_tb)
  File "C:\Users\carlos.alemany\OneDrive - civica-soft.com\Documentos\Proyectos\Servihabitat\dbt\svhenv\lib\site-packages\sqlalchemy\pool\impl.py", line 177, in _do_get
    return self._create_connection()
  File "C:\Users\carlos.alemany\OneDrive - civica-soft.com\Documentos\Proyectos\Servihabitat\dbt\svhenv\lib\site-packages\sqlalchemy\pool\base.py", line 390, in _create_connection
    return _ConnectionRecord(self)
  File "C:\Users\carlos.alemany\OneDrive - civica-soft.com\Documentos\Proyectos\Servihabitat\dbt\svhenv\lib\site-packages\sqlalchemy\pool\base.py", line 674, in __init__
    self.__connect()
  File "C:\Users\carlos.alemany\OneDrive - civica-soft.com\Documentos\Proyectos\Servihabitat\dbt\svhenv\lib\site-packages\sqlalchemy\pool\base.py", line 900, in __connect
    with util.safe_reraise():
  File "C:\Users\carlos.alemany\OneDrive - civica-soft.com\Documentos\Proyectos\Servihabitat\dbt\svhenv\lib\site-packages\sqlalchemy\util\langhelpers.py", line 146, in __exit__
    raise exc_value.with_traceback(exc_tb)
  File "C:\Users\carlos.alemany\OneDrive - civica-soft.com\Documentos\Proyectos\Servihabitat\dbt\svhenv\lib\site-packages\sqlalchemy\pool\base.py", line 896, in __connect
    self.dbapi_connection = connection = pool._invoke_creator(self)
  File "C:\Users\carlos.alemany\OneDrive - civica-soft.com\Documentos\Proyectos\Servihabitat\dbt\svhenv\lib\site-packages\sqlalchemy\engine\create.py", line 643, in connect
    return dialect.connect(*cargs, **cparams)
  File "C:\Users\carlos.alemany\OneDrive - civica-soft.com\Documentos\Proyectos\Servihabitat\dbt\svhenv\lib\site-packages\sqlalchemy\engine\default.py", line 621, in connect
    return self.loaded_dbapi.connect(*cargs, **cparams)
sqlalchemy.exc.OperationalError: (pyodbc.OperationalError) ('08001', '[08001] [Microsoft][ODBC Driver 17 for SQL Server]Proveedor de canalizaciones con nombre: No se pudo abrir una conexión con SQL Server [53].  (53) (SQLDriverConnect); [08001] [Microsoft][ODBC Driver 17 for SQL Server]Ha finalizado el tiempo de espera de inicio de sesión (0); [08001] [Microsoft][ODBC Driver 17 for SQL Server]Atributo de cadena de conexión no válido (0); [08001] [Microsoft][ODBC Driver 17 for SQL Server]Error relacionado con la red o específico de instancia al establecer conexión con el servidor SQL Server. El servidor no se encuentra o no está accesible. Compruebe si el nombre de la instancia es correcto y si SQL Server está configurado para permitir conexiones remotas. Para obtener más información, vea los Libros en pantalla de SQL Server. (53)')
(Background on this error at: https://sqlalche.me/e/20/e3q8)
2025-03-04 14:47:48,489 - __main__ - INFO - UI patches applied successfully
2025-03-04 14:48:03,615 - helper_functions - ERROR - Error recharging user list: (pyodbc.OperationalError) ('08001', '[08001] [Microsoft][ODBC Driver 17 for SQL Server]Proveedor de canalizaciones con nombre: No se pudo abrir una conexión con SQL Server [53].  (53) (SQLDriverConnect); [08001] [Microsoft][ODBC Driver 17 for SQL Server]Ha finalizado el tiempo de espera de inicio de sesión (0); [08001] [Microsoft][ODBC Driver 17 for SQL Server]Atributo de cadena de conexión no válido (0); [08001] [Microsoft][ODBC Driver 17 for SQL Server]Error relacionado con la red o específico de instancia al establecer conexión con el servidor SQL Server. El servidor no se encuentra o no está accesible. Compruebe si el nombre de la instancia es correcto y si SQL Server está configurado para permitir conexiones remotas. Para obtener más información, vea los Libros en pantalla de SQL Server. (53)')
(Background on this error at: https://sqlalche.me/e/20/e3q8)
Traceback (most recent call last):
  File "C:\Users\carlos.alemany\OneDrive - civica-soft.com\Documentos\Proyectos\Servihabitat\dbt\svhenv\lib\site-packages\sqlalchemy\engine\base.py", line 146, in __init__
    self._dbapi_connection = engine.raw_connection()
  File "C:\Users\carlos.alemany\OneDrive - civica-soft.com\Documentos\Proyectos\Servihabitat\dbt\svhenv\lib\site-packages\sqlalchemy\engine\base.py", line 3302, in raw_connection
    return self.pool.connect()
  File "C:\Users\carlos.alemany\OneDrive - civica-soft.com\Documentos\Proyectos\Servihabitat\dbt\svhenv\lib\site-packages\sqlalchemy\pool\base.py", line 449, in connect
    return _ConnectionFairy._checkout(self)
  File "C:\Users\carlos.alemany\OneDrive - civica-soft.com\Documentos\Proyectos\Servihabitat\dbt\svhenv\lib\site-packages\sqlalchemy\pool\base.py", line 1263, in _checkout
    fairy = _ConnectionRecord.checkout(pool)
  File "C:\Users\carlos.alemany\OneDrive - civica-soft.com\Documentos\Proyectos\Servihabitat\dbt\svhenv\lib\site-packages\sqlalchemy\pool\base.py", line 712, in checkout
    rec = pool._do_get()
  File "C:\Users\carlos.alemany\OneDrive - civica-soft.com\Documentos\Proyectos\Servihabitat\dbt\svhenv\lib\site-packages\sqlalchemy\pool\impl.py", line 179, in _do_get
    with util.safe_reraise():
  File "C:\Users\carlos.alemany\OneDrive - civica-soft.com\Documentos\Proyectos\Servihabitat\dbt\svhenv\lib\site-packages\sqlalchemy\util\langhelpers.py", line 146, in __exit__
    raise exc_value.with_traceback(exc_tb)
  File "C:\Users\carlos.alemany\OneDrive - civica-soft.com\Documentos\Proyectos\Servihabitat\dbt\svhenv\lib\site-packages\sqlalchemy\pool\impl.py", line 177, in _do_get
    return self._create_connection()
  File "C:\Users\carlos.alemany\OneDrive - civica-soft.com\Documentos\Proyectos\Servihabitat\dbt\svhenv\lib\site-packages\sqlalchemy\pool\base.py", line 390, in _create_connection
    return _ConnectionRecord(self)
  File "C:\Users\carlos.alemany\OneDrive - civica-soft.com\Documentos\Proyectos\Servihabitat\dbt\svhenv\lib\site-packages\sqlalchemy\pool\base.py", line 674, in __init__
    self.__connect()
  File "C:\Users\carlos.alemany\OneDrive - civica-soft.com\Documentos\Proyectos\Servihabitat\dbt\svhenv\lib\site-packages\sqlalchemy\pool\base.py", line 900, in __connect
    with util.safe_reraise():
  File "C:\Users\carlos.alemany\OneDrive - civica-soft.com\Documentos\Proyectos\Servihabitat\dbt\svhenv\lib\site-packages\sqlalchemy\util\langhelpers.py", line 146, in __exit__
    raise exc_value.with_traceback(exc_tb)
  File "C:\Users\carlos.alemany\OneDrive - civica-soft.com\Documentos\Proyectos\Servihabitat\dbt\svhenv\lib\site-packages\sqlalchemy\pool\base.py", line 896, in __connect
    self.dbapi_connection = connection = pool._invoke_creator(self)
  File "C:\Users\carlos.alemany\OneDrive - civica-soft.com\Documentos\Proyectos\Servihabitat\dbt\svhenv\lib\site-packages\sqlalchemy\engine\create.py", line 643, in connect
    return dialect.connect(*cargs, **cparams)
  File "C:\Users\carlos.alemany\OneDrive - civica-soft.com\Documentos\Proyectos\Servihabitat\dbt\svhenv\lib\site-packages\sqlalchemy\engine\default.py", line 621, in connect
    return self.loaded_dbapi.connect(*cargs, **cparams)
pyodbc.OperationalError: ('08001', '[08001] [Microsoft][ODBC Driver 17 for SQL Server]Proveedor de canalizaciones con nombre: No se pudo abrir una conexión con SQL Server [53].  (53) (SQLDriverConnect); [08001] [Microsoft][ODBC Driver 17 for SQL Server]Ha finalizado el tiempo de espera de inicio de sesión (0); [08001] [Microsoft][ODBC Driver 17 for SQL Server]Atributo de cadena de conexión no válido (0); [08001] [Microsoft][ODBC Driver 17 for SQL Server]Error relacionado con la red o específico de instancia al establecer conexión con el servidor SQL Server. El servidor no se encuentra o no está accesible. Compruebe si el nombre de la instancia es correcto y si SQL Server está configurado para permitir conexiones remotas. Para obtener más información, vea los Libros en pantalla de SQL Server. (53)')

The above exception was the direct cause of the following exception:

Traceback (most recent call last):
  File "C:\Users\carlos.alemany\OneDrive - civica-soft.com\Documentos\new especialidades\especialidades-app\helper_functions.py", line 28, in recharge_user_list
    with conn.connect() as connection:
  File "C:\Users\carlos.alemany\OneDrive - civica-soft.com\Documentos\Proyectos\Servihabitat\dbt\svhenv\lib\site-packages\sqlalchemy\engine\base.py", line 3278, in connect
    return self._connection_cls(self)
  File "C:\Users\carlos.alemany\OneDrive - civica-soft.com\Documentos\Proyectos\Servihabitat\dbt\svhenv\lib\site-packages\sqlalchemy\engine\base.py", line 148, in __init__
    Connection._handle_dbapi_exception_noconnection(
  File "C:\Users\carlos.alemany\OneDrive - civica-soft.com\Documentos\Proyectos\Servihabitat\dbt\svhenv\lib\site-packages\sqlalchemy\engine\base.py", line 2442, in _handle_dbapi_exception_noconnection
    raise sqlalchemy_exception.with_traceback(exc_info[2]) from e
  File "C:\Users\carlos.alemany\OneDrive - civica-soft.com\Documentos\Proyectos\Servihabitat\dbt\svhenv\lib\site-packages\sqlalchemy\engine\base.py", line 146, in __init__
    self._dbapi_connection = engine.raw_connection()
  File "C:\Users\carlos.alemany\OneDrive - civica-soft.com\Documentos\Proyectos\Servihabitat\dbt\svhenv\lib\site-packages\sqlalchemy\engine\base.py", line 3302, in raw_connection
    return self.pool.connect()
  File "C:\Users\carlos.alemany\OneDrive - civica-soft.com\Documentos\Proyectos\Servihabitat\dbt\svhenv\lib\site-packages\sqlalchemy\pool\base.py", line 449, in connect
    return _ConnectionFairy._checkout(self)
  File "C:\Users\carlos.alemany\OneDrive - civica-soft.com\Documentos\Proyectos\Servihabitat\dbt\svhenv\lib\site-packages\sqlalchemy\pool\base.py", line 1263, in _checkout
    fairy = _ConnectionRecord.checkout(pool)
  File "C:\Users\carlos.alemany\OneDrive - civica-soft.com\Documentos\Proyectos\Servihabitat\dbt\svhenv\lib\site-packages\sqlalchemy\pool\base.py", line 712, in checkout
    rec = pool._do_get()
  File "C:\Users\carlos.alemany\OneDrive - civica-soft.com\Documentos\Proyectos\Servihabitat\dbt\svhenv\lib\site-packages\sqlalchemy\pool\impl.py", line 179, in _do_get
    with util.safe_reraise():
  File "C:\Users\carlos.alemany\OneDrive - civica-soft.com\Documentos\Proyectos\Servihabitat\dbt\svhenv\lib\site-packages\sqlalchemy\util\langhelpers.py", line 146, in __exit__
    raise exc_value.with_traceback(exc_tb)
  File "C:\Users\carlos.alemany\OneDrive - civica-soft.com\Documentos\Proyectos\Servihabitat\dbt\svhenv\lib\site-packages\sqlalchemy\pool\impl.py", line 177, in _do_get
    return self._create_connection()
  File "C:\Users\carlos.alemany\OneDrive - civica-soft.com\Documentos\Proyectos\Servihabitat\dbt\svhenv\lib\site-packages\sqlalchemy\pool\base.py", line 390, in _create_connection
    return _ConnectionRecord(self)
  File "C:\Users\carlos.alemany\OneDrive - civica-soft.com\Documentos\Proyectos\Servihabitat\dbt\svhenv\lib\site-packages\sqlalchemy\pool\base.py", line 674, in __init__
    self.__connect()
  File "C:\Users\carlos.alemany\OneDrive - civica-soft.com\Documentos\Proyectos\Servihabitat\dbt\svhenv\lib\site-packages\sqlalchemy\pool\base.py", line 900, in __connect
    with util.safe_reraise():
  File "C:\Users\carlos.alemany\OneDrive - civica-soft.com\Documentos\Proyectos\Servihabitat\dbt\svhenv\lib\site-packages\sqlalchemy\util\langhelpers.py", line 146, in __exit__
    raise exc_value.with_traceback(exc_tb)
  File "C:\Users\carlos.alemany\OneDrive - civica-soft.com\Documentos\Proyectos\Servihabitat\dbt\svhenv\lib\site-packages\sqlalchemy\pool\base.py", line 896, in __connect
    self.dbapi_connection = connection = pool._invoke_creator(self)
  File "C:\Users\carlos.alemany\OneDrive - civica-soft.com\Documentos\Proyectos\Servihabitat\dbt\svhenv\lib\site-packages\sqlalchemy\engine\create.py", line 643, in connect
    return dialect.connect(*cargs, **cparams)
  File "C:\Users\carlos.alemany\OneDrive - civica-soft.com\Documentos\Proyectos\Servihabitat\dbt\svhenv\lib\site-packages\sqlalchemy\engine\default.py", line 621, in connect
    return self.loaded_dbapi.connect(*cargs, **cparams)
sqlalchemy.exc.OperationalError: (pyodbc.OperationalError) ('08001', '[08001] [Microsoft][ODBC Driver 17 for SQL Server]Proveedor de canalizaciones con nombre: No se pudo abrir una conexión con SQL Server [53].  (53) (SQLDriverConnect); [08001] [Microsoft][ODBC Driver 17 for SQL Server]Ha finalizado el tiempo de espera de inicio de sesión (0); [08001] [Microsoft][ODBC Driver 17 for SQL Server]Atributo de cadena de conexión no válido (0); [08001] [Microsoft][ODBC Driver 17 for SQL Server]Error relacionado con la red o específico de instancia al establecer conexión con el servidor SQL Server. El servidor no se encuentra o no está accesible. Compruebe si el nombre de la instancia es correcto y si SQL Server está configurado para permitir conexiones remotas. Para obtener más información, vea los Libros en pantalla de SQL Server. (53)')
(Background on this error at: https://sqlalche.me/e/20/e3q8)
2025-03-04 14:48:16,875 - __main__ - INFO - UI patches applied successfully
2025-03-04 14:48:31,961 - helper_functions - ERROR - Error recharging user list: (pyodbc.OperationalError) ('08001', '[08001] [Microsoft][ODBC Driver 17 for SQL Server]Proveedor de canalizaciones con nombre: No se pudo abrir una conexión con SQL Server [53].  (53) (SQLDriverConnect); [08001] [Microsoft][ODBC Driver 17 for SQL Server]Ha finalizado el tiempo de espera de inicio de sesión (0); [08001] [Microsoft][ODBC Driver 17 for SQL Server]Atributo de cadena de conexión no válido (0); [08001] [Microsoft][ODBC Driver 17 for SQL Server]Error relacionado con la red o específico de instancia al establecer conexión con el servidor SQL Server. El servidor no se encuentra o no está accesible. Compruebe si el nombre de la instancia es correcto y si SQL Server está configurado para permitir conexiones remotas. Para obtener más información, vea los Libros en pantalla de SQL Server. (53)')
(Background on this error at: https://sqlalche.me/e/20/e3q8)
Traceback (most recent call last):
  File "C:\Users\carlos.alemany\OneDrive - civica-soft.com\Documentos\Proyectos\Servihabitat\dbt\svhenv\lib\site-packages\sqlalchemy\engine\base.py", line 146, in __init__
    self._dbapi_connection = engine.raw_connection()
  File "C:\Users\carlos.alemany\OneDrive - civica-soft.com\Documentos\Proyectos\Servihabitat\dbt\svhenv\lib\site-packages\sqlalchemy\engine\base.py", line 3302, in raw_connection
    return self.pool.connect()
  File "C:\Users\carlos.alemany\OneDrive - civica-soft.com\Documentos\Proyectos\Servihabitat\dbt\svhenv\lib\site-packages\sqlalchemy\pool\base.py", line 449, in connect
    return _ConnectionFairy._checkout(self)
  File "C:\Users\carlos.alemany\OneDrive - civica-soft.com\Documentos\Proyectos\Servihabitat\dbt\svhenv\lib\site-packages\sqlalchemy\pool\base.py", line 1263, in _checkout
    fairy = _ConnectionRecord.checkout(pool)
  File "C:\Users\carlos.alemany\OneDrive - civica-soft.com\Documentos\Proyectos\Servihabitat\dbt\svhenv\lib\site-packages\sqlalchemy\pool\base.py", line 712, in checkout
    rec = pool._do_get()
  File "C:\Users\carlos.alemany\OneDrive - civica-soft.com\Documentos\Proyectos\Servihabitat\dbt\svhenv\lib\site-packages\sqlalchemy\pool\impl.py", line 179, in _do_get
    with util.safe_reraise():
  File "C:\Users\carlos.alemany\OneDrive - civica-soft.com\Documentos\Proyectos\Servihabitat\dbt\svhenv\lib\site-packages\sqlalchemy\util\langhelpers.py", line 146, in __exit__
    raise exc_value.with_traceback(exc_tb)
  File "C:\Users\carlos.alemany\OneDrive - civica-soft.com\Documentos\Proyectos\Servihabitat\dbt\svhenv\lib\site-packages\sqlalchemy\pool\impl.py", line 177, in _do_get
    return self._create_connection()
  File "C:\Users\carlos.alemany\OneDrive - civica-soft.com\Documentos\Proyectos\Servihabitat\dbt\svhenv\lib\site-packages\sqlalchemy\pool\base.py", line 390, in _create_connection
    return _ConnectionRecord(self)
  File "C:\Users\carlos.alemany\OneDrive - civica-soft.com\Documentos\Proyectos\Servihabitat\dbt\svhenv\lib\site-packages\sqlalchemy\pool\base.py", line 674, in __init__
    self.__connect()
  File "C:\Users\carlos.alemany\OneDrive - civica-soft.com\Documentos\Proyectos\Servihabitat\dbt\svhenv\lib\site-packages\sqlalchemy\pool\base.py", line 900, in __connect
    with util.safe_reraise():
  File "C:\Users\carlos.alemany\OneDrive - civica-soft.com\Documentos\Proyectos\Servihabitat\dbt\svhenv\lib\site-packages\sqlalchemy\util\langhelpers.py", line 146, in __exit__
    raise exc_value.with_traceback(exc_tb)
  File "C:\Users\carlos.alemany\OneDrive - civica-soft.com\Documentos\Proyectos\Servihabitat\dbt\svhenv\lib\site-packages\sqlalchemy\pool\base.py", line 896, in __connect
    self.dbapi_connection = connection = pool._invoke_creator(self)
  File "C:\Users\carlos.alemany\OneDrive - civica-soft.com\Documentos\Proyectos\Servihabitat\dbt\svhenv\lib\site-packages\sqlalchemy\engine\create.py", line 643, in connect
    return dialect.connect(*cargs, **cparams)
  File "C:\Users\carlos.alemany\OneDrive - civica-soft.com\Documentos\Proyectos\Servihabitat\dbt\svhenv\lib\site-packages\sqlalchemy\engine\default.py", line 621, in connect
    return self.loaded_dbapi.connect(*cargs, **cparams)
pyodbc.OperationalError: ('08001', '[08001] [Microsoft][ODBC Driver 17 for SQL Server]Proveedor de canalizaciones con nombre: No se pudo abrir una conexión con SQL Server [53].  (53) (SQLDriverConnect); [08001] [Microsoft][ODBC Driver 17 for SQL Server]Ha finalizado el tiempo de espera de inicio de sesión (0); [08001] [Microsoft][ODBC Driver 17 for SQL Server]Atributo de cadena de conexión no válido (0); [08001] [Microsoft][ODBC Driver 17 for SQL Server]Error relacionado con la red o específico de instancia al establecer conexión con el servidor SQL Server. El servidor no se encuentra o no está accesible. Compruebe si el nombre de la instancia es correcto y si SQL Server está configurado para permitir conexiones remotas. Para obtener más información, vea los Libros en pantalla de SQL Server. (53)')

The above exception was the direct cause of the following exception:

Traceback (most recent call last):
  File "C:\Users\carlos.alemany\OneDrive - civica-soft.com\Documentos\new especialidades\especialidades-app\helper_functions.py", line 28, in recharge_user_list
    with conn.connect() as connection:
  File "C:\Users\carlos.alemany\OneDrive - civica-soft.com\Documentos\Proyectos\Servihabitat\dbt\svhenv\lib\site-packages\sqlalchemy\engine\base.py", line 3278, in connect
    return self._connection_cls(self)
  File "C:\Users\carlos.alemany\OneDrive - civica-soft.com\Documentos\Proyectos\Servihabitat\dbt\svhenv\lib\site-packages\sqlalchemy\engine\base.py", line 148, in __init__
    Connection._handle_dbapi_exception_noconnection(
  File "C:\Users\carlos.alemany\OneDrive - civica-soft.com\Documentos\Proyectos\Servihabitat\dbt\svhenv\lib\site-packages\sqlalchemy\engine\base.py", line 2442, in _handle_dbapi_exception_noconnection
    raise sqlalchemy_exception.with_traceback(exc_info[2]) from e
  File "C:\Users\carlos.alemany\OneDrive - civica-soft.com\Documentos\Proyectos\Servihabitat\dbt\svhenv\lib\site-packages\sqlalchemy\engine\base.py", line 146, in __init__
    self._dbapi_connection = engine.raw_connection()
  File "C:\Users\carlos.alemany\OneDrive - civica-soft.com\Documentos\Proyectos\Servihabitat\dbt\svhenv\lib\site-packages\sqlalchemy\engine\base.py", line 3302, in raw_connection
    return self.pool.connect()
  File "C:\Users\carlos.alemany\OneDrive - civica-soft.com\Documentos\Proyectos\Servihabitat\dbt\svhenv\lib\site-packages\sqlalchemy\pool\base.py", line 449, in connect
    return _ConnectionFairy._checkout(self)
  File "C:\Users\carlos.alemany\OneDrive - civica-soft.com\Documentos\Proyectos\Servihabitat\dbt\svhenv\lib\site-packages\sqlalchemy\pool\base.py", line 1263, in _checkout
    fairy = _ConnectionRecord.checkout(pool)
  File "C:\Users\carlos.alemany\OneDrive - civica-soft.com\Documentos\Proyectos\Servihabitat\dbt\svhenv\lib\site-packages\sqlalchemy\pool\base.py", line 712, in checkout
    rec = pool._do_get()
  File "C:\Users\carlos.alemany\OneDrive - civica-soft.com\Documentos\Proyectos\Servihabitat\dbt\svhenv\lib\site-packages\sqlalchemy\pool\impl.py", line 179, in _do_get
    with util.safe_reraise():
  File "C:\Users\carlos.alemany\OneDrive - civica-soft.com\Documentos\Proyectos\Servihabitat\dbt\svhenv\lib\site-packages\sqlalchemy\util\langhelpers.py", line 146, in __exit__
    raise exc_value.with_traceback(exc_tb)
  File "C:\Users\carlos.alemany\OneDrive - civica-soft.com\Documentos\Proyectos\Servihabitat\dbt\svhenv\lib\site-packages\sqlalchemy\pool\impl.py", line 177, in _do_get
    return self._create_connection()
  File "C:\Users\carlos.alemany\OneDrive - civica-soft.com\Documentos\Proyectos\Servihabitat\dbt\svhenv\lib\site-packages\sqlalchemy\pool\base.py", line 390, in _create_connection
    return _ConnectionRecord(self)
  File "C:\Users\carlos.alemany\OneDrive - civica-soft.com\Documentos\Proyectos\Servihabitat\dbt\svhenv\lib\site-packages\sqlalchemy\pool\base.py", line 674, in __init__
    self.__connect()
  File "C:\Users\carlos.alemany\OneDrive - civica-soft.com\Documentos\Proyectos\Servihabitat\dbt\svhenv\lib\site-packages\sqlalchemy\pool\base.py", line 900, in __connect
    with util.safe_reraise():
  File "C:\Users\carlos.alemany\OneDrive - civica-soft.com\Documentos\Proyectos\Servihabitat\dbt\svhenv\lib\site-packages\sqlalchemy\util\langhelpers.py", line 146, in __exit__
    raise exc_value.with_traceback(exc_tb)
  File "C:\Users\carlos.alemany\OneDrive - civica-soft.com\Documentos\Proyectos\Servihabitat\dbt\svhenv\lib\site-packages\sqlalchemy\pool\base.py", line 896, in __connect
    self.dbapi_connection = connection = pool._invoke_creator(self)
  File "C:\Users\carlos.alemany\OneDrive - civica-soft.com\Documentos\Proyectos\Servihabitat\dbt\svhenv\lib\site-packages\sqlalchemy\engine\create.py", line 643, in connect
    return dialect.connect(*cargs, **cparams)
  File "C:\Users\carlos.alemany\OneDrive - civica-soft.com\Documentos\Proyectos\Servihabitat\dbt\svhenv\lib\site-packages\sqlalchemy\engine\default.py", line 621, in connect
    return self.loaded_dbapi.connect(*cargs, **cparams)
sqlalchemy.exc.OperationalError: (pyodbc.OperationalError) ('08001', '[08001] [Microsoft][ODBC Driver 17 for SQL Server]Proveedor de canalizaciones con nombre: No se pudo abrir una conexión con SQL Server [53].  (53) (SQLDriverConnect); [08001] [Microsoft][ODBC Driver 17 for SQL Server]Ha finalizado el tiempo de espera de inicio de sesión (0); [08001] [Microsoft][ODBC Driver 17 for SQL Server]Atributo de cadena de conexión no válido (0); [08001] [Microsoft][ODBC Driver 17 for SQL Server]Error relacionado con la red o específico de instancia al establecer conexión con el servidor SQL Server. El servidor no se encuentra o no está accesible. Compruebe si el nombre de la instancia es correcto y si SQL Server está configurado para permitir conexiones remotas. Para obtener más información, vea los Libros en pantalla de SQL Server. (53)')
(Background on this error at: https://sqlalche.me/e/20/e3q8)
2025-03-04 14:48:46,705 - __main__ - INFO - UI patches applied successfully
2025-03-04 14:48:46,989 - helper_functions - ERROR - Error adding new user: (pyodbc.OperationalError) ('08001', '[08001] [Microsoft][ODBC Driver 17 for SQL Server]Proveedor de canalizaciones con nombre: No se pudo abrir una conexión con SQL Server [53].  (53) (SQLDriverConnect); [08001] [Microsoft][ODBC Driver 17 for SQL Server]Ha finalizado el tiempo de espera de inicio de sesión (0); [08001] [Microsoft][ODBC Driver 17 for SQL Server]Atributo de cadena de conexión no válido (0); [08001] [Microsoft][ODBC Driver 17 for SQL Server]Error relacionado con la red o específico de instancia al establecer conexión con el servidor SQL Server. El servidor no se encuentra o no está accesible. Compruebe si el nombre de la instancia es correcto y si SQL Server está configurado para permitir conexiones remotas. Para obtener más información, vea los Libros en pantalla de SQL Server. (53)')
(Background on this error at: https://sqlalche.me/e/20/e3q8)
Traceback (most recent call last):
  File "C:\Users\carlos.alemany\OneDrive - civica-soft.com\Documentos\Proyectos\Servihabitat\dbt\svhenv\lib\site-packages\sqlalchemy\engine\base.py", line 146, in __init__
    self._dbapi_connection = engine.raw_connection()
  File "C:\Users\carlos.alemany\OneDrive - civica-soft.com\Documentos\Proyectos\Servihabitat\dbt\svhenv\lib\site-packages\sqlalchemy\engine\base.py", line 3302, in raw_connection
    return self.pool.connect()
  File "C:\Users\carlos.alemany\OneDrive - civica-soft.com\Documentos\Proyectos\Servihabitat\dbt\svhenv\lib\site-packages\sqlalchemy\pool\base.py", line 449, in connect
    return _ConnectionFairy._checkout(self)
  File "C:\Users\carlos.alemany\OneDrive - civica-soft.com\Documentos\Proyectos\Servihabitat\dbt\svhenv\lib\site-packages\sqlalchemy\pool\base.py", line 1263, in _checkout
    fairy = _ConnectionRecord.checkout(pool)
  File "C:\Users\carlos.alemany\OneDrive - civica-soft.com\Documentos\Proyectos\Servihabitat\dbt\svhenv\lib\site-packages\sqlalchemy\pool\base.py", line 712, in checkout
    rec = pool._do_get()
  File "C:\Users\carlos.alemany\OneDrive - civica-soft.com\Documentos\Proyectos\Servihabitat\dbt\svhenv\lib\site-packages\sqlalchemy\pool\impl.py", line 179, in _do_get
    with util.safe_reraise():
  File "C:\Users\carlos.alemany\OneDrive - civica-soft.com\Documentos\Proyectos\Servihabitat\dbt\svhenv\lib\site-packages\sqlalchemy\util\langhelpers.py", line 146, in __exit__
    raise exc_value.with_traceback(exc_tb)
  File "C:\Users\carlos.alemany\OneDrive - civica-soft.com\Documentos\Proyectos\Servihabitat\dbt\svhenv\lib\site-packages\sqlalchemy\pool\impl.py", line 177, in _do_get
    return self._create_connection()
  File "C:\Users\carlos.alemany\OneDrive - civica-soft.com\Documentos\Proyectos\Servihabitat\dbt\svhenv\lib\site-packages\sqlalchemy\pool\base.py", line 390, in _create_connection
    return _ConnectionRecord(self)
  File "C:\Users\carlos.alemany\OneDrive - civica-soft.com\Documentos\Proyectos\Servihabitat\dbt\svhenv\lib\site-packages\sqlalchemy\pool\base.py", line 674, in __init__
    self.__connect()
  File "C:\Users\carlos.alemany\OneDrive - civica-soft.com\Documentos\Proyectos\Servihabitat\dbt\svhenv\lib\site-packages\sqlalchemy\pool\base.py", line 900, in __connect
    with util.safe_reraise():
  File "C:\Users\carlos.alemany\OneDrive - civica-soft.com\Documentos\Proyectos\Servihabitat\dbt\svhenv\lib\site-packages\sqlalchemy\util\langhelpers.py", line 146, in __exit__
    raise exc_value.with_traceback(exc_tb)
  File "C:\Users\carlos.alemany\OneDrive - civica-soft.com\Documentos\Proyectos\Servihabitat\dbt\svhenv\lib\site-packages\sqlalchemy\pool\base.py", line 896, in __connect
    self.dbapi_connection = connection = pool._invoke_creator(self)
  File "C:\Users\carlos.alemany\OneDrive - civica-soft.com\Documentos\Proyectos\Servihabitat\dbt\svhenv\lib\site-packages\sqlalchemy\engine\create.py", line 643, in connect
    return dialect.connect(*cargs, **cparams)
  File "C:\Users\carlos.alemany\OneDrive - civica-soft.com\Documentos\Proyectos\Servihabitat\dbt\svhenv\lib\site-packages\sqlalchemy\engine\default.py", line 621, in connect
    return self.loaded_dbapi.connect(*cargs, **cparams)
pyodbc.OperationalError: ('08001', '[08001] [Microsoft][ODBC Driver 17 for SQL Server]Proveedor de canalizaciones con nombre: No se pudo abrir una conexión con SQL Server [53].  (53) (SQLDriverConnect); [08001] [Microsoft][ODBC Driver 17 for SQL Server]Ha finalizado el tiempo de espera de inicio de sesión (0); [08001] [Microsoft][ODBC Driver 17 for SQL Server]Atributo de cadena de conexión no válido (0); [08001] [Microsoft][ODBC Driver 17 for SQL Server]Error relacionado con la red o específico de instancia al establecer conexión con el servidor SQL Server. El servidor no se encuentra o no está accesible. Compruebe si el nombre de la instancia es correcto y si SQL Server está configurado para permitir conexiones remotas. Para obtener más información, vea los Libros en pantalla de SQL Server. (53)')

The above exception was the direct cause of the following exception:

Traceback (most recent call last):
  File "C:\Users\carlos.alemany\OneDrive - civica-soft.com\Documentos\new especialidades\especialidades-app\helper_functions.py", line 60, in new_user
    with conn.connect() as connection:
  File "C:\Users\carlos.alemany\OneDrive - civica-soft.com\Documentos\Proyectos\Servihabitat\dbt\svhenv\lib\site-packages\sqlalchemy\engine\base.py", line 3278, in connect
    return self._connection_cls(self)
  File "C:\Users\carlos.alemany\OneDrive - civica-soft.com\Documentos\Proyectos\Servihabitat\dbt\svhenv\lib\site-packages\sqlalchemy\engine\base.py", line 148, in __init__
    Connection._handle_dbapi_exception_noconnection(
  File "C:\Users\carlos.alemany\OneDrive - civica-soft.com\Documentos\Proyectos\Servihabitat\dbt\svhenv\lib\site-packages\sqlalchemy\engine\base.py", line 2442, in _handle_dbapi_exception_noconnection
    raise sqlalchemy_exception.with_traceback(exc_info[2]) from e
  File "C:\Users\carlos.alemany\OneDrive - civica-soft.com\Documentos\Proyectos\Servihabitat\dbt\svhenv\lib\site-packages\sqlalchemy\engine\base.py", line 146, in __init__
    self._dbapi_connection = engine.raw_connection()
  File "C:\Users\carlos.alemany\OneDrive - civica-soft.com\Documentos\Proyectos\Servihabitat\dbt\svhenv\lib\site-packages\sqlalchemy\engine\base.py", line 3302, in raw_connection
    return self.pool.connect()
  File "C:\Users\carlos.alemany\OneDrive - civica-soft.com\Documentos\Proyectos\Servihabitat\dbt\svhenv\lib\site-packages\sqlalchemy\pool\base.py", line 449, in connect
    return _ConnectionFairy._checkout(self)
  File "C:\Users\carlos.alemany\OneDrive - civica-soft.com\Documentos\Proyectos\Servihabitat\dbt\svhenv\lib\site-packages\sqlalchemy\pool\base.py", line 1263, in _checkout
    fairy = _ConnectionRecord.checkout(pool)
  File "C:\Users\carlos.alemany\OneDrive - civica-soft.com\Documentos\Proyectos\Servihabitat\dbt\svhenv\lib\site-packages\sqlalchemy\pool\base.py", line 712, in checkout
    rec = pool._do_get()
  File "C:\Users\carlos.alemany\OneDrive - civica-soft.com\Documentos\Proyectos\Servihabitat\dbt\svhenv\lib\site-packages\sqlalchemy\pool\impl.py", line 179, in _do_get
    with util.safe_reraise():
  File "C:\Users\carlos.alemany\OneDrive - civica-soft.com\Documentos\Proyectos\Servihabitat\dbt\svhenv\lib\site-packages\sqlalchemy\util\langhelpers.py", line 146, in __exit__
    raise exc_value.with_traceback(exc_tb)
  File "C:\Users\carlos.alemany\OneDrive - civica-soft.com\Documentos\Proyectos\Servihabitat\dbt\svhenv\lib\site-packages\sqlalchemy\pool\impl.py", line 177, in _do_get
    return self._create_connection()
  File "C:\Users\carlos.alemany\OneDrive - civica-soft.com\Documentos\Proyectos\Servihabitat\dbt\svhenv\lib\site-packages\sqlalchemy\pool\base.py", line 390, in _create_connection
    return _ConnectionRecord(self)
  File "C:\Users\carlos.alemany\OneDrive - civica-soft.com\Documentos\Proyectos\Servihabitat\dbt\svhenv\lib\site-packages\sqlalchemy\pool\base.py", line 674, in __init__
    self.__connect()
  File "C:\Users\carlos.alemany\OneDrive - civica-soft.com\Documentos\Proyectos\Servihabitat\dbt\svhenv\lib\site-packages\sqlalchemy\pool\base.py", line 900, in __connect
    with util.safe_reraise():
  File "C:\Users\carlos.alemany\OneDrive - civica-soft.com\Documentos\Proyectos\Servihabitat\dbt\svhenv\lib\site-packages\sqlalchemy\util\langhelpers.py", line 146, in __exit__
    raise exc_value.with_traceback(exc_tb)
  File "C:\Users\carlos.alemany\OneDrive - civica-soft.com\Documentos\Proyectos\Servihabitat\dbt\svhenv\lib\site-packages\sqlalchemy\pool\base.py", line 896, in __connect
    self.dbapi_connection = connection = pool._invoke_creator(self)
  File "C:\Users\carlos.alemany\OneDrive - civica-soft.com\Documentos\Proyectos\Servihabitat\dbt\svhenv\lib\site-packages\sqlalchemy\engine\create.py", line 643, in connect
    return dialect.connect(*cargs, **cparams)
  File "C:\Users\carlos.alemany\OneDrive - civica-soft.com\Documentos\Proyectos\Servihabitat\dbt\svhenv\lib\site-packages\sqlalchemy\engine\default.py", line 621, in connect
    return self.loaded_dbapi.connect(*cargs, **cparams)
sqlalchemy.exc.OperationalError: (pyodbc.OperationalError) ('08001', '[08001] [Microsoft][ODBC Driver 17 for SQL Server]Proveedor de canalizaciones con nombre: No se pudo abrir una conexión con SQL Server [53].  (53) (SQLDriverConnect); [08001] [Microsoft][ODBC Driver 17 for SQL Server]Ha finalizado el tiempo de espera de inicio de sesión (0); [08001] [Microsoft][ODBC Driver 17 for SQL Server]Atributo de cadena de conexión no válido (0); [08001] [Microsoft][ODBC Driver 17 for SQL Server]Error relacionado con la red o específico de instancia al establecer conexión con el servidor SQL Server. El servidor no se encuentra o no está accesible. Compruebe si el nombre de la instancia es correcto y si SQL Server está configurado para permitir conexiones remotas. Para obtener más información, vea los Libros en pantalla de SQL Server. (53)')
(Background on this error at: https://sqlalche.me/e/20/e3q8)
2025-03-04 14:48:54,565 - __main__ - INFO - UI patches applied successfully
2025-03-04 14:49:01,779 - helper_functions - ERROR - Error recharging user list: (pyodbc.OperationalError) ('08001', '[08001] [Microsoft][ODBC Driver 17 for SQL Server]Proveedor de canalizaciones con nombre: No se pudo abrir una conexión con SQL Server [53].  (53) (SQLDriverConnect); [08001] [Microsoft][ODBC Driver 17 for SQL Server]Ha finalizado el tiempo de espera de inicio de sesión (0); [08001] [Microsoft][ODBC Driver 17 for SQL Server]Atributo de cadena de conexión no válido (0); [08001] [Microsoft][ODBC Driver 17 for SQL Server]Error relacionado con la red o específico de instancia al establecer conexión con el servidor SQL Server. El servidor no se encuentra o no está accesible. Compruebe si el nombre de la instancia es correcto y si SQL Server está configurado para permitir conexiones remotas. Para obtener más información, vea los Libros en pantalla de SQL Server. (53)')
(Background on this error at: https://sqlalche.me/e/20/e3q8)
Traceback (most recent call last):
  File "C:\Users\carlos.alemany\OneDrive - civica-soft.com\Documentos\Proyectos\Servihabitat\dbt\svhenv\lib\site-packages\sqlalchemy\engine\base.py", line 146, in __init__
    self._dbapi_connection = engine.raw_connection()
  File "C:\Users\carlos.alemany\OneDrive - civica-soft.com\Documentos\Proyectos\Servihabitat\dbt\svhenv\lib\site-packages\sqlalchemy\engine\base.py", line 3302, in raw_connection
    return self.pool.connect()
  File "C:\Users\carlos.alemany\OneDrive - civica-soft.com\Documentos\Proyectos\Servihabitat\dbt\svhenv\lib\site-packages\sqlalchemy\pool\base.py", line 449, in connect
    return _ConnectionFairy._checkout(self)
  File "C:\Users\carlos.alemany\OneDrive - civica-soft.com\Documentos\Proyectos\Servihabitat\dbt\svhenv\lib\site-packages\sqlalchemy\pool\base.py", line 1263, in _checkout
    fairy = _ConnectionRecord.checkout(pool)
  File "C:\Users\carlos.alemany\OneDrive - civica-soft.com\Documentos\Proyectos\Servihabitat\dbt\svhenv\lib\site-packages\sqlalchemy\pool\base.py", line 712, in checkout
    rec = pool._do_get()
  File "C:\Users\carlos.alemany\OneDrive - civica-soft.com\Documentos\Proyectos\Servihabitat\dbt\svhenv\lib\site-packages\sqlalchemy\pool\impl.py", line 179, in _do_get
    with util.safe_reraise():
  File "C:\Users\carlos.alemany\OneDrive - civica-soft.com\Documentos\Proyectos\Servihabitat\dbt\svhenv\lib\site-packages\sqlalchemy\util\langhelpers.py", line 146, in __exit__
    raise exc_value.with_traceback(exc_tb)
  File "C:\Users\carlos.alemany\OneDrive - civica-soft.com\Documentos\Proyectos\Servihabitat\dbt\svhenv\lib\site-packages\sqlalchemy\pool\impl.py", line 177, in _do_get
    return self._create_connection()
  File "C:\Users\carlos.alemany\OneDrive - civica-soft.com\Documentos\Proyectos\Servihabitat\dbt\svhenv\lib\site-packages\sqlalchemy\pool\base.py", line 390, in _create_connection
    return _ConnectionRecord(self)
  File "C:\Users\carlos.alemany\OneDrive - civica-soft.com\Documentos\Proyectos\Servihabitat\dbt\svhenv\lib\site-packages\sqlalchemy\pool\base.py", line 674, in __init__
    self.__connect()
  File "C:\Users\carlos.alemany\OneDrive - civica-soft.com\Documentos\Proyectos\Servihabitat\dbt\svhenv\lib\site-packages\sqlalchemy\pool\base.py", line 900, in __connect
    with util.safe_reraise():
  File "C:\Users\carlos.alemany\OneDrive - civica-soft.com\Documentos\Proyectos\Servihabitat\dbt\svhenv\lib\site-packages\sqlalchemy\util\langhelpers.py", line 146, in __exit__
    raise exc_value.with_traceback(exc_tb)
  File "C:\Users\carlos.alemany\OneDrive - civica-soft.com\Documentos\Proyectos\Servihabitat\dbt\svhenv\lib\site-packages\sqlalchemy\pool\base.py", line 896, in __connect
    self.dbapi_connection = connection = pool._invoke_creator(self)
  File "C:\Users\carlos.alemany\OneDrive - civica-soft.com\Documentos\Proyectos\Servihabitat\dbt\svhenv\lib\site-packages\sqlalchemy\engine\create.py", line 643, in connect
    return dialect.connect(*cargs, **cparams)
  File "C:\Users\carlos.alemany\OneDrive - civica-soft.com\Documentos\Proyectos\Servihabitat\dbt\svhenv\lib\site-packages\sqlalchemy\engine\default.py", line 621, in connect
    return self.loaded_dbapi.connect(*cargs, **cparams)
pyodbc.OperationalError: ('08001', '[08001] [Microsoft][ODBC Driver 17 for SQL Server]Proveedor de canalizaciones con nombre: No se pudo abrir una conexión con SQL Server [53].  (53) (SQLDriverConnect); [08001] [Microsoft][ODBC Driver 17 for SQL Server]Ha finalizado el tiempo de espera de inicio de sesión (0); [08001] [Microsoft][ODBC Driver 17 for SQL Server]Atributo de cadena de conexión no válido (0); [08001] [Microsoft][ODBC Driver 17 for SQL Server]Error relacionado con la red o específico de instancia al establecer conexión con el servidor SQL Server. El servidor no se encuentra o no está accesible. Compruebe si el nombre de la instancia es correcto y si SQL Server está configurado para permitir conexiones remotas. Para obtener más información, vea los Libros en pantalla de SQL Server. (53)')

The above exception was the direct cause of the following exception:

Traceback (most recent call last):
  File "C:\Users\carlos.alemany\OneDrive - civica-soft.com\Documentos\new especialidades\especialidades-app\helper_functions.py", line 28, in recharge_user_list
    with conn.connect() as connection:
  File "C:\Users\carlos.alemany\OneDrive - civica-soft.com\Documentos\Proyectos\Servihabitat\dbt\svhenv\lib\site-packages\sqlalchemy\engine\base.py", line 3278, in connect
    return self._connection_cls(self)
  File "C:\Users\carlos.alemany\OneDrive - civica-soft.com\Documentos\Proyectos\Servihabitat\dbt\svhenv\lib\site-packages\sqlalchemy\engine\base.py", line 148, in __init__
    Connection._handle_dbapi_exception_noconnection(
  File "C:\Users\carlos.alemany\OneDrive - civica-soft.com\Documentos\Proyectos\Servihabitat\dbt\svhenv\lib\site-packages\sqlalchemy\engine\base.py", line 2442, in _handle_dbapi_exception_noconnection
    raise sqlalchemy_exception.with_traceback(exc_info[2]) from e
  File "C:\Users\carlos.alemany\OneDrive - civica-soft.com\Documentos\Proyectos\Servihabitat\dbt\svhenv\lib\site-packages\sqlalchemy\engine\base.py", line 146, in __init__
    self._dbapi_connection = engine.raw_connection()
  File "C:\Users\carlos.alemany\OneDrive - civica-soft.com\Documentos\Proyectos\Servihabitat\dbt\svhenv\lib\site-packages\sqlalchemy\engine\base.py", line 3302, in raw_connection
    return self.pool.connect()
  File "C:\Users\carlos.alemany\OneDrive - civica-soft.com\Documentos\Proyectos\Servihabitat\dbt\svhenv\lib\site-packages\sqlalchemy\pool\base.py", line 449, in connect
    return _ConnectionFairy._checkout(self)
  File "C:\Users\carlos.alemany\OneDrive - civica-soft.com\Documentos\Proyectos\Servihabitat\dbt\svhenv\lib\site-packages\sqlalchemy\pool\base.py", line 1263, in _checkout
    fairy = _ConnectionRecord.checkout(pool)
  File "C:\Users\carlos.alemany\OneDrive - civica-soft.com\Documentos\Proyectos\Servihabitat\dbt\svhenv\lib\site-packages\sqlalchemy\pool\base.py", line 712, in checkout
    rec = pool._do_get()
  File "C:\Users\carlos.alemany\OneDrive - civica-soft.com\Documentos\Proyectos\Servihabitat\dbt\svhenv\lib\site-packages\sqlalchemy\pool\impl.py", line 179, in _do_get
    with util.safe_reraise():
  File "C:\Users\carlos.alemany\OneDrive - civica-soft.com\Documentos\Proyectos\Servihabitat\dbt\svhenv\lib\site-packages\sqlalchemy\util\langhelpers.py", line 146, in __exit__
    raise exc_value.with_traceback(exc_tb)
  File "C:\Users\carlos.alemany\OneDrive - civica-soft.com\Documentos\Proyectos\Servihabitat\dbt\svhenv\lib\site-packages\sqlalchemy\pool\impl.py", line 177, in _do_get
    return self._create_connection()
  File "C:\Users\carlos.alemany\OneDrive - civica-soft.com\Documentos\Proyectos\Servihabitat\dbt\svhenv\lib\site-packages\sqlalchemy\pool\base.py", line 390, in _create_connection
    return _ConnectionRecord(self)
  File "C:\Users\carlos.alemany\OneDrive - civica-soft.com\Documentos\Proyectos\Servihabitat\dbt\svhenv\lib\site-packages\sqlalchemy\pool\base.py", line 674, in __init__
    self.__connect()
  File "C:\Users\carlos.alemany\OneDrive - civica-soft.com\Documentos\Proyectos\Servihabitat\dbt\svhenv\lib\site-packages\sqlalchemy\pool\base.py", line 900, in __connect
    with util.safe_reraise():
  File "C:\Users\carlos.alemany\OneDrive - civica-soft.com\Documentos\Proyectos\Servihabitat\dbt\svhenv\lib\site-packages\sqlalchemy\util\langhelpers.py", line 146, in __exit__
    raise exc_value.with_traceback(exc_tb)
  File "C:\Users\carlos.alemany\OneDrive - civica-soft.com\Documentos\Proyectos\Servihabitat\dbt\svhenv\lib\site-packages\sqlalchemy\pool\base.py", line 896, in __connect
    self.dbapi_connection = connection = pool._invoke_creator(self)
  File "C:\Users\carlos.alemany\OneDrive - civica-soft.com\Documentos\Proyectos\Servihabitat\dbt\svhenv\lib\site-packages\sqlalchemy\engine\create.py", line 643, in connect
    return dialect.connect(*cargs, **cparams)
  File "C:\Users\carlos.alemany\OneDrive - civica-soft.com\Documentos\Proyectos\Servihabitat\dbt\svhenv\lib\site-packages\sqlalchemy\engine\default.py", line 621, in connect
    return self.loaded_dbapi.connect(*cargs, **cparams)
sqlalchemy.exc.OperationalError: (pyodbc.OperationalError) ('08001', '[08001] [Microsoft][ODBC Driver 17 for SQL Server]Proveedor de canalizaciones con nombre: No se pudo abrir una conexión con SQL Server [53].  (53) (SQLDriverConnect); [08001] [Microsoft][ODBC Driver 17 for SQL Server]Ha finalizado el tiempo de espera de inicio de sesión (0); [08001] [Microsoft][ODBC Driver 17 for SQL Server]Atributo de cadena de conexión no válido (0); [08001] [Microsoft][ODBC Driver 17 for SQL Server]Error relacionado con la red o específico de instancia al establecer conexión con el servidor SQL Server. El servidor no se encuentra o no está accesible. Compruebe si el nombre de la instancia es correcto y si SQL Server está configurado para permitir conexiones remotas. Para obtener más información, vea los Libros en pantalla de SQL Server. (53)')
(Background on this error at: https://sqlalche.me/e/20/e3q8)
2025-03-04 14:49:09,617 - helper_functions - ERROR - Error recharging user list: (pyodbc.OperationalError) ('08001', '[08001] [Microsoft][ODBC Driver 17 for SQL Server]Proveedor de canalizaciones con nombre: No se pudo abrir una conexión con SQL Server [53].  (53) (SQLDriverConnect); [08001] [Microsoft][ODBC Driver 17 for SQL Server]Ha finalizado el tiempo de espera de inicio de sesión (0); [08001] [Microsoft][ODBC Driver 17 for SQL Server]Atributo de cadena de conexión no válido (0); [08001] [Microsoft][ODBC Driver 17 for SQL Server]Error relacionado con la red o específico de instancia al establecer conexión con el servidor SQL Server. El servidor no se encuentra o no está accesible. Compruebe si el nombre de la instancia es correcto y si SQL Server está configurado para permitir conexiones remotas. Para obtener más información, vea los Libros en pantalla de SQL Server. (53)')
(Background on this error at: https://sqlalche.me/e/20/e3q8)
Traceback (most recent call last):
  File "C:\Users\carlos.alemany\OneDrive - civica-soft.com\Documentos\Proyectos\Servihabitat\dbt\svhenv\lib\site-packages\sqlalchemy\engine\base.py", line 146, in __init__
    self._dbapi_connection = engine.raw_connection()
  File "C:\Users\carlos.alemany\OneDrive - civica-soft.com\Documentos\Proyectos\Servihabitat\dbt\svhenv\lib\site-packages\sqlalchemy\engine\base.py", line 3302, in raw_connection
    return self.pool.connect()
  File "C:\Users\carlos.alemany\OneDrive - civica-soft.com\Documentos\Proyectos\Servihabitat\dbt\svhenv\lib\site-packages\sqlalchemy\pool\base.py", line 449, in connect
    return _ConnectionFairy._checkout(self)
  File "C:\Users\carlos.alemany\OneDrive - civica-soft.com\Documentos\Proyectos\Servihabitat\dbt\svhenv\lib\site-packages\sqlalchemy\pool\base.py", line 1263, in _checkout
    fairy = _ConnectionRecord.checkout(pool)
  File "C:\Users\carlos.alemany\OneDrive - civica-soft.com\Documentos\Proyectos\Servihabitat\dbt\svhenv\lib\site-packages\sqlalchemy\pool\base.py", line 712, in checkout
    rec = pool._do_get()
  File "C:\Users\carlos.alemany\OneDrive - civica-soft.com\Documentos\Proyectos\Servihabitat\dbt\svhenv\lib\site-packages\sqlalchemy\pool\impl.py", line 179, in _do_get
    with util.safe_reraise():
  File "C:\Users\carlos.alemany\OneDrive - civica-soft.com\Documentos\Proyectos\Servihabitat\dbt\svhenv\lib\site-packages\sqlalchemy\util\langhelpers.py", line 146, in __exit__
    raise exc_value.with_traceback(exc_tb)
  File "C:\Users\carlos.alemany\OneDrive - civica-soft.com\Documentos\Proyectos\Servihabitat\dbt\svhenv\lib\site-packages\sqlalchemy\pool\impl.py", line 177, in _do_get
    return self._create_connection()
  File "C:\Users\carlos.alemany\OneDrive - civica-soft.com\Documentos\Proyectos\Servihabitat\dbt\svhenv\lib\site-packages\sqlalchemy\pool\base.py", line 390, in _create_connection
    return _ConnectionRecord(self)
  File "C:\Users\carlos.alemany\OneDrive - civica-soft.com\Documentos\Proyectos\Servihabitat\dbt\svhenv\lib\site-packages\sqlalchemy\pool\base.py", line 674, in __init__
    self.__connect()
  File "C:\Users\carlos.alemany\OneDrive - civica-soft.com\Documentos\Proyectos\Servihabitat\dbt\svhenv\lib\site-packages\sqlalchemy\pool\base.py", line 900, in __connect
    with util.safe_reraise():
  File "C:\Users\carlos.alemany\OneDrive - civica-soft.com\Documentos\Proyectos\Servihabitat\dbt\svhenv\lib\site-packages\sqlalchemy\util\langhelpers.py", line 146, in __exit__
    raise exc_value.with_traceback(exc_tb)
  File "C:\Users\carlos.alemany\OneDrive - civica-soft.com\Documentos\Proyectos\Servihabitat\dbt\svhenv\lib\site-packages\sqlalchemy\pool\base.py", line 896, in __connect
    self.dbapi_connection = connection = pool._invoke_creator(self)
  File "C:\Users\carlos.alemany\OneDrive - civica-soft.com\Documentos\Proyectos\Servihabitat\dbt\svhenv\lib\site-packages\sqlalchemy\engine\create.py", line 643, in connect
    return dialect.connect(*cargs, **cparams)
  File "C:\Users\carlos.alemany\OneDrive - civica-soft.com\Documentos\Proyectos\Servihabitat\dbt\svhenv\lib\site-packages\sqlalchemy\engine\default.py", line 621, in connect
    return self.loaded_dbapi.connect(*cargs, **cparams)
pyodbc.OperationalError: ('08001', '[08001] [Microsoft][ODBC Driver 17 for SQL Server]Proveedor de canalizaciones con nombre: No se pudo abrir una conexión con SQL Server [53].  (53) (SQLDriverConnect); [08001] [Microsoft][ODBC Driver 17 for SQL Server]Ha finalizado el tiempo de espera de inicio de sesión (0); [08001] [Microsoft][ODBC Driver 17 for SQL Server]Atributo de cadena de conexión no válido (0); [08001] [Microsoft][ODBC Driver 17 for SQL Server]Error relacionado con la red o específico de instancia al establecer conexión con el servidor SQL Server. El servidor no se encuentra o no está accesible. Compruebe si el nombre de la instancia es correcto y si SQL Server está configurado para permitir conexiones remotas. Para obtener más información, vea los Libros en pantalla de SQL Server. (53)')

The above exception was the direct cause of the following exception:

Traceback (most recent call last):
  File "C:\Users\carlos.alemany\OneDrive - civica-soft.com\Documentos\new especialidades\especialidades-app\helper_functions.py", line 28, in recharge_user_list
    with conn.connect() as connection:
  File "C:\Users\carlos.alemany\OneDrive - civica-soft.com\Documentos\Proyectos\Servihabitat\dbt\svhenv\lib\site-packages\sqlalchemy\engine\base.py", line 3278, in connect
    return self._connection_cls(self)
  File "C:\Users\carlos.alemany\OneDrive - civica-soft.com\Documentos\Proyectos\Servihabitat\dbt\svhenv\lib\site-packages\sqlalchemy\engine\base.py", line 148, in __init__
    Connection._handle_dbapi_exception_noconnection(
  File "C:\Users\carlos.alemany\OneDrive - civica-soft.com\Documentos\Proyectos\Servihabitat\dbt\svhenv\lib\site-packages\sqlalchemy\engine\base.py", line 2442, in _handle_dbapi_exception_noconnection
    raise sqlalchemy_exception.with_traceback(exc_info[2]) from e
  File "C:\Users\carlos.alemany\OneDrive - civica-soft.com\Documentos\Proyectos\Servihabitat\dbt\svhenv\lib\site-packages\sqlalchemy\engine\base.py", line 146, in __init__
    self._dbapi_connection = engine.raw_connection()
  File "C:\Users\carlos.alemany\OneDrive - civica-soft.com\Documentos\Proyectos\Servihabitat\dbt\svhenv\lib\site-packages\sqlalchemy\engine\base.py", line 3302, in raw_connection
    return self.pool.connect()
  File "C:\Users\carlos.alemany\OneDrive - civica-soft.com\Documentos\Proyectos\Servihabitat\dbt\svhenv\lib\site-packages\sqlalchemy\pool\base.py", line 449, in connect
    return _ConnectionFairy._checkout(self)
  File "C:\Users\carlos.alemany\OneDrive - civica-soft.com\Documentos\Proyectos\Servihabitat\dbt\svhenv\lib\site-packages\sqlalchemy\pool\base.py", line 1263, in _checkout
    fairy = _ConnectionRecord.checkout(pool)
  File "C:\Users\carlos.alemany\OneDrive - civica-soft.com\Documentos\Proyectos\Servihabitat\dbt\svhenv\lib\site-packages\sqlalchemy\pool\base.py", line 712, in checkout
    rec = pool._do_get()
  File "C:\Users\carlos.alemany\OneDrive - civica-soft.com\Documentos\Proyectos\Servihabitat\dbt\svhenv\lib\site-packages\sqlalchemy\pool\impl.py", line 179, in _do_get
    with util.safe_reraise():
  File "C:\Users\carlos.alemany\OneDrive - civica-soft.com\Documentos\Proyectos\Servihabitat\dbt\svhenv\lib\site-packages\sqlalchemy\util\langhelpers.py", line 146, in __exit__
    raise exc_value.with_traceback(exc_tb)
  File "C:\Users\carlos.alemany\OneDrive - civica-soft.com\Documentos\Proyectos\Servihabitat\dbt\svhenv\lib\site-packages\sqlalchemy\pool\impl.py", line 177, in _do_get
    return self._create_connection()
  File "C:\Users\carlos.alemany\OneDrive - civica-soft.com\Documentos\Proyectos\Servihabitat\dbt\svhenv\lib\site-packages\sqlalchemy\pool\base.py", line 390, in _create_connection
    return _ConnectionRecord(self)
  File "C:\Users\carlos.alemany\OneDrive - civica-soft.com\Documentos\Proyectos\Servihabitat\dbt\svhenv\lib\site-packages\sqlalchemy\pool\base.py", line 674, in __init__
    self.__connect()
  File "C:\Users\carlos.alemany\OneDrive - civica-soft.com\Documentos\Proyectos\Servihabitat\dbt\svhenv\lib\site-packages\sqlalchemy\pool\base.py", line 900, in __connect
    with util.safe_reraise():
  File "C:\Users\carlos.alemany\OneDrive - civica-soft.com\Documentos\Proyectos\Servihabitat\dbt\svhenv\lib\site-packages\sqlalchemy\util\langhelpers.py", line 146, in __exit__
    raise exc_value.with_traceback(exc_tb)
  File "C:\Users\carlos.alemany\OneDrive - civica-soft.com\Documentos\Proyectos\Servihabitat\dbt\svhenv\lib\site-packages\sqlalchemy\pool\base.py", line 896, in __connect
    self.dbapi_connection = connection = pool._invoke_creator(self)
  File "C:\Users\carlos.alemany\OneDrive - civica-soft.com\Documentos\Proyectos\Servihabitat\dbt\svhenv\lib\site-packages\sqlalchemy\engine\create.py", line 643, in connect
    return dialect.connect(*cargs, **cparams)
  File "C:\Users\carlos.alemany\OneDrive - civica-soft.com\Documentos\Proyectos\Servihabitat\dbt\svhenv\lib\site-packages\sqlalchemy\engine\default.py", line 621, in connect
    return self.loaded_dbapi.connect(*cargs, **cparams)
sqlalchemy.exc.OperationalError: (pyodbc.OperationalError) ('08001', '[08001] [Microsoft][ODBC Driver 17 for SQL Server]Proveedor de canalizaciones con nombre: No se pudo abrir una conexión con SQL Server [53].  (53) (SQLDriverConnect); [08001] [Microsoft][ODBC Driver 17 for SQL Server]Ha finalizado el tiempo de espera de inicio de sesión (0); [08001] [Microsoft][ODBC Driver 17 for SQL Server]Atributo de cadena de conexión no válido (0); [08001] [Microsoft][ODBC Driver 17 for SQL Server]Error relacionado con la red o específico de instancia al establecer conexión con el servidor SQL Server. El servidor no se encuentra o no está accesible. Compruebe si el nombre de la instancia es correcto y si SQL Server está configurado para permitir conexiones remotas. Para obtener más información, vea los Libros en pantalla de SQL Server. (53)')
(Background on this error at: https://sqlalche.me/e/20/e3q8)
2025-03-04 14:53:39,654 - __main__ - INFO - Combined UI and performance patches applied successfully
2025-03-04 14:53:43,701 - __main__ - INFO - Combined UI and performance patches applied successfully
2025-03-04 14:53:44,420 - __main__ - INFO - Combined UI and performance patches applied successfully
2025-03-04 14:53:47,777 - __main__ - INFO - Combined UI and performance patches applied successfully
2025-03-04 14:53:48,608 - __main__ - INFO - Combined UI and performance patches applied successfully
2025-03-04 14:53:50,034 - __main__ - INFO - Combined UI and performance patches applied successfully
2025-03-04 14:53:59,551 - helper_functions - ERROR - Error recharging user list: (pyodbc.OperationalError) ('08001', '[08001] [Microsoft][ODBC Driver 17 for SQL Server]Proveedor de canalizaciones con nombre: No se pudo abrir una conexión con SQL Server [53].  (53) (SQLDriverConnect); [08001] [Microsoft][ODBC Driver 17 for SQL Server]Ha finalizado el tiempo de espera de inicio de sesión (0); [08001] [Microsoft][ODBC Driver 17 for SQL Server]Atributo de cadena de conexión no válido (0); [08001] [Microsoft][ODBC Driver 17 for SQL Server]Error relacionado con la red o específico de instancia al establecer conexión con el servidor SQL Server. El servidor no se encuentra o no está accesible. Compruebe si el nombre de la instancia es correcto y si SQL Server está configurado para permitir conexiones remotas. Para obtener más información, vea los Libros en pantalla de SQL Server. (53)')
(Background on this error at: https://sqlalche.me/e/20/e3q8)
Traceback (most recent call last):
  File "C:\Users\carlos.alemany\OneDrive - civica-soft.com\Documentos\Proyectos\Servihabitat\dbt\svhenv\lib\site-packages\sqlalchemy\engine\base.py", line 146, in __init__
    self._dbapi_connection = engine.raw_connection()
  File "C:\Users\carlos.alemany\OneDrive - civica-soft.com\Documentos\Proyectos\Servihabitat\dbt\svhenv\lib\site-packages\sqlalchemy\engine\base.py", line 3302, in raw_connection
    return self.pool.connect()
  File "C:\Users\carlos.alemany\OneDrive - civica-soft.com\Documentos\Proyectos\Servihabitat\dbt\svhenv\lib\site-packages\sqlalchemy\pool\base.py", line 449, in connect
    return _ConnectionFairy._checkout(self)
  File "C:\Users\carlos.alemany\OneDrive - civica-soft.com\Documentos\Proyectos\Servihabitat\dbt\svhenv\lib\site-packages\sqlalchemy\pool\base.py", line 1263, in _checkout
    fairy = _ConnectionRecord.checkout(pool)
  File "C:\Users\carlos.alemany\OneDrive - civica-soft.com\Documentos\Proyectos\Servihabitat\dbt\svhenv\lib\site-packages\sqlalchemy\pool\base.py", line 712, in checkout
    rec = pool._do_get()
  File "C:\Users\carlos.alemany\OneDrive - civica-soft.com\Documentos\Proyectos\Servihabitat\dbt\svhenv\lib\site-packages\sqlalchemy\pool\impl.py", line 179, in _do_get
    with util.safe_reraise():
  File "C:\Users\carlos.alemany\OneDrive - civica-soft.com\Documentos\Proyectos\Servihabitat\dbt\svhenv\lib\site-packages\sqlalchemy\util\langhelpers.py", line 146, in __exit__
    raise exc_value.with_traceback(exc_tb)
  File "C:\Users\carlos.alemany\OneDrive - civica-soft.com\Documentos\Proyectos\Servihabitat\dbt\svhenv\lib\site-packages\sqlalchemy\pool\impl.py", line 177, in _do_get
    return self._create_connection()
  File "C:\Users\carlos.alemany\OneDrive - civica-soft.com\Documentos\Proyectos\Servihabitat\dbt\svhenv\lib\site-packages\sqlalchemy\pool\base.py", line 390, in _create_connection
    return _ConnectionRecord(self)
  File "C:\Users\carlos.alemany\OneDrive - civica-soft.com\Documentos\Proyectos\Servihabitat\dbt\svhenv\lib\site-packages\sqlalchemy\pool\base.py", line 674, in __init__
    self.__connect()
  File "C:\Users\carlos.alemany\OneDrive - civica-soft.com\Documentos\Proyectos\Servihabitat\dbt\svhenv\lib\site-packages\sqlalchemy\pool\base.py", line 900, in __connect
    with util.safe_reraise():
  File "C:\Users\carlos.alemany\OneDrive - civica-soft.com\Documentos\Proyectos\Servihabitat\dbt\svhenv\lib\site-packages\sqlalchemy\util\langhelpers.py", line 146, in __exit__
    raise exc_value.with_traceback(exc_tb)
  File "C:\Users\carlos.alemany\OneDrive - civica-soft.com\Documentos\Proyectos\Servihabitat\dbt\svhenv\lib\site-packages\sqlalchemy\pool\base.py", line 896, in __connect
    self.dbapi_connection = connection = pool._invoke_creator(self)
  File "C:\Users\carlos.alemany\OneDrive - civica-soft.com\Documentos\Proyectos\Servihabitat\dbt\svhenv\lib\site-packages\sqlalchemy\engine\create.py", line 643, in connect
    return dialect.connect(*cargs, **cparams)
  File "C:\Users\carlos.alemany\OneDrive - civica-soft.com\Documentos\Proyectos\Servihabitat\dbt\svhenv\lib\site-packages\sqlalchemy\engine\default.py", line 621, in connect
    return self.loaded_dbapi.connect(*cargs, **cparams)
pyodbc.OperationalError: ('08001', '[08001] [Microsoft][ODBC Driver 17 for SQL Server]Proveedor de canalizaciones con nombre: No se pudo abrir una conexión con SQL Server [53].  (53) (SQLDriverConnect); [08001] [Microsoft][ODBC Driver 17 for SQL Server]Ha finalizado el tiempo de espera de inicio de sesión (0); [08001] [Microsoft][ODBC Driver 17 for SQL Server]Atributo de cadena de conexión no válido (0); [08001] [Microsoft][ODBC Driver 17 for SQL Server]Error relacionado con la red o específico de instancia al establecer conexión con el servidor SQL Server. El servidor no se encuentra o no está accesible. Compruebe si el nombre de la instancia es correcto y si SQL Server está configurado para permitir conexiones remotas. Para obtener más información, vea los Libros en pantalla de SQL Server. (53)')

The above exception was the direct cause of the following exception:

Traceback (most recent call last):
  File "C:\Users\carlos.alemany\OneDrive - civica-soft.com\Documentos\new especialidades\especialidades-app\helper_functions.py", line 28, in recharge_user_list
    with conn.connect() as connection:
  File "C:\Users\carlos.alemany\OneDrive - civica-soft.com\Documentos\Proyectos\Servihabitat\dbt\svhenv\lib\site-packages\sqlalchemy\engine\base.py", line 3278, in connect
    return self._connection_cls(self)
  File "C:\Users\carlos.alemany\OneDrive - civica-soft.com\Documentos\Proyectos\Servihabitat\dbt\svhenv\lib\site-packages\sqlalchemy\engine\base.py", line 148, in __init__
    Connection._handle_dbapi_exception_noconnection(
  File "C:\Users\carlos.alemany\OneDrive - civica-soft.com\Documentos\Proyectos\Servihabitat\dbt\svhenv\lib\site-packages\sqlalchemy\engine\base.py", line 2442, in _handle_dbapi_exception_noconnection
    raise sqlalchemy_exception.with_traceback(exc_info[2]) from e
  File "C:\Users\carlos.alemany\OneDrive - civica-soft.com\Documentos\Proyectos\Servihabitat\dbt\svhenv\lib\site-packages\sqlalchemy\engine\base.py", line 146, in __init__
    self._dbapi_connection = engine.raw_connection()
  File "C:\Users\carlos.alemany\OneDrive - civica-soft.com\Documentos\Proyectos\Servihabitat\dbt\svhenv\lib\site-packages\sqlalchemy\engine\base.py", line 3302, in raw_connection
    return self.pool.connect()
  File "C:\Users\carlos.alemany\OneDrive - civica-soft.com\Documentos\Proyectos\Servihabitat\dbt\svhenv\lib\site-packages\sqlalchemy\pool\base.py", line 449, in connect
    return _ConnectionFairy._checkout(self)
  File "C:\Users\carlos.alemany\OneDrive - civica-soft.com\Documentos\Proyectos\Servihabitat\dbt\svhenv\lib\site-packages\sqlalchemy\pool\base.py", line 1263, in _checkout
    fairy = _ConnectionRecord.checkout(pool)
  File "C:\Users\carlos.alemany\OneDrive - civica-soft.com\Documentos\Proyectos\Servihabitat\dbt\svhenv\lib\site-packages\sqlalchemy\pool\base.py", line 712, in checkout
    rec = pool._do_get()
  File "C:\Users\carlos.alemany\OneDrive - civica-soft.com\Documentos\Proyectos\Servihabitat\dbt\svhenv\lib\site-packages\sqlalchemy\pool\impl.py", line 179, in _do_get
    with util.safe_reraise():
  File "C:\Users\carlos.alemany\OneDrive - civica-soft.com\Documentos\Proyectos\Servihabitat\dbt\svhenv\lib\site-packages\sqlalchemy\util\langhelpers.py", line 146, in __exit__
    raise exc_value.with_traceback(exc_tb)
  File "C:\Users\carlos.alemany\OneDrive - civica-soft.com\Documentos\Proyectos\Servihabitat\dbt\svhenv\lib\site-packages\sqlalchemy\pool\impl.py", line 177, in _do_get
    return self._create_connection()
  File "C:\Users\carlos.alemany\OneDrive - civica-soft.com\Documentos\Proyectos\Servihabitat\dbt\svhenv\lib\site-packages\sqlalchemy\pool\base.py", line 390, in _create_connection
    return _ConnectionRecord(self)
  File "C:\Users\carlos.alemany\OneDrive - civica-soft.com\Documentos\Proyectos\Servihabitat\dbt\svhenv\lib\site-packages\sqlalchemy\pool\base.py", line 674, in __init__
    self.__connect()
  File "C:\Users\carlos.alemany\OneDrive - civica-soft.com\Documentos\Proyectos\Servihabitat\dbt\svhenv\lib\site-packages\sqlalchemy\pool\base.py", line 900, in __connect
    with util.safe_reraise():
  File "C:\Users\carlos.alemany\OneDrive - civica-soft.com\Documentos\Proyectos\Servihabitat\dbt\svhenv\lib\site-packages\sqlalchemy\util\langhelpers.py", line 146, in __exit__
    raise exc_value.with_traceback(exc_tb)
  File "C:\Users\carlos.alemany\OneDrive - civica-soft.com\Documentos\Proyectos\Servihabitat\dbt\svhenv\lib\site-packages\sqlalchemy\pool\base.py", line 896, in __connect
    self.dbapi_connection = connection = pool._invoke_creator(self)
  File "C:\Users\carlos.alemany\OneDrive - civica-soft.com\Documentos\Proyectos\Servihabitat\dbt\svhenv\lib\site-packages\sqlalchemy\engine\create.py", line 643, in connect
    return dialect.connect(*cargs, **cparams)
  File "C:\Users\carlos.alemany\OneDrive - civica-soft.com\Documentos\Proyectos\Servihabitat\dbt\svhenv\lib\site-packages\sqlalchemy\engine\default.py", line 621, in connect
    return self.loaded_dbapi.connect(*cargs, **cparams)
sqlalchemy.exc.OperationalError: (pyodbc.OperationalError) ('08001', '[08001] [Microsoft][ODBC Driver 17 for SQL Server]Proveedor de canalizaciones con nombre: No se pudo abrir una conexión con SQL Server [53].  (53) (SQLDriverConnect); [08001] [Microsoft][ODBC Driver 17 for SQL Server]Ha finalizado el tiempo de espera de inicio de sesión (0); [08001] [Microsoft][ODBC Driver 17 for SQL Server]Atributo de cadena de conexión no válido (0); [08001] [Microsoft][ODBC Driver 17 for SQL Server]Error relacionado con la red o específico de instancia al establecer conexión con el servidor SQL Server. El servidor no se encuentra o no está accesible. Compruebe si el nombre de la instancia es correcto y si SQL Server está configurado para permitir conexiones remotas. Para obtener más información, vea los Libros en pantalla de SQL Server. (53)')
(Background on this error at: https://sqlalche.me/e/20/e3q8)
2025-03-04 14:54:02,801 - helper_functions - ERROR - Error recharging user list: (pyodbc.OperationalError) ('08001', '[08001] [Microsoft][ODBC Driver 17 for SQL Server]Proveedor de canalizaciones con nombre: No se pudo abrir una conexión con SQL Server [53].  (53) (SQLDriverConnect); [08001] [Microsoft][ODBC Driver 17 for SQL Server]Ha finalizado el tiempo de espera de inicio de sesión (0); [08001] [Microsoft][ODBC Driver 17 for SQL Server]Atributo de cadena de conexión no válido (0); [08001] [Microsoft][ODBC Driver 17 for SQL Server]Error relacionado con la red o específico de instancia al establecer conexión con el servidor SQL Server. El servidor no se encuentra o no está accesible. Compruebe si el nombre de la instancia es correcto y si SQL Server está configurado para permitir conexiones remotas. Para obtener más información, vea los Libros en pantalla de SQL Server. (53)')
(Background on this error at: https://sqlalche.me/e/20/e3q8)
Traceback (most recent call last):
  File "C:\Users\carlos.alemany\OneDrive - civica-soft.com\Documentos\Proyectos\Servihabitat\dbt\svhenv\lib\site-packages\sqlalchemy\engine\base.py", line 146, in __init__
    self._dbapi_connection = engine.raw_connection()
  File "C:\Users\carlos.alemany\OneDrive - civica-soft.com\Documentos\Proyectos\Servihabitat\dbt\svhenv\lib\site-packages\sqlalchemy\engine\base.py", line 3302, in raw_connection
    return self.pool.connect()
  File "C:\Users\carlos.alemany\OneDrive - civica-soft.com\Documentos\Proyectos\Servihabitat\dbt\svhenv\lib\site-packages\sqlalchemy\pool\base.py", line 449, in connect
    return _ConnectionFairy._checkout(self)
  File "C:\Users\carlos.alemany\OneDrive - civica-soft.com\Documentos\Proyectos\Servihabitat\dbt\svhenv\lib\site-packages\sqlalchemy\pool\base.py", line 1263, in _checkout
    fairy = _ConnectionRecord.checkout(pool)
  File "C:\Users\carlos.alemany\OneDrive - civica-soft.com\Documentos\Proyectos\Servihabitat\dbt\svhenv\lib\site-packages\sqlalchemy\pool\base.py", line 712, in checkout
    rec = pool._do_get()
  File "C:\Users\carlos.alemany\OneDrive - civica-soft.com\Documentos\Proyectos\Servihabitat\dbt\svhenv\lib\site-packages\sqlalchemy\pool\impl.py", line 179, in _do_get
    with util.safe_reraise():
  File "C:\Users\carlos.alemany\OneDrive - civica-soft.com\Documentos\Proyectos\Servihabitat\dbt\svhenv\lib\site-packages\sqlalchemy\util\langhelpers.py", line 146, in __exit__
    raise exc_value.with_traceback(exc_tb)
  File "C:\Users\carlos.alemany\OneDrive - civica-soft.com\Documentos\Proyectos\Servihabitat\dbt\svhenv\lib\site-packages\sqlalchemy\pool\impl.py", line 177, in _do_get
    return self._create_connection()
  File "C:\Users\carlos.alemany\OneDrive - civica-soft.com\Documentos\Proyectos\Servihabitat\dbt\svhenv\lib\site-packages\sqlalchemy\pool\base.py", line 390, in _create_connection
    return _ConnectionRecord(self)
  File "C:\Users\carlos.alemany\OneDrive - civica-soft.com\Documentos\Proyectos\Servihabitat\dbt\svhenv\lib\site-packages\sqlalchemy\pool\base.py", line 674, in __init__
    self.__connect()
  File "C:\Users\carlos.alemany\OneDrive - civica-soft.com\Documentos\Proyectos\Servihabitat\dbt\svhenv\lib\site-packages\sqlalchemy\pool\base.py", line 900, in __connect
    with util.safe_reraise():
  File "C:\Users\carlos.alemany\OneDrive - civica-soft.com\Documentos\Proyectos\Servihabitat\dbt\svhenv\lib\site-packages\sqlalchemy\util\langhelpers.py", line 146, in __exit__
    raise exc_value.with_traceback(exc_tb)
  File "C:\Users\carlos.alemany\OneDrive - civica-soft.com\Documentos\Proyectos\Servihabitat\dbt\svhenv\lib\site-packages\sqlalchemy\pool\base.py", line 896, in __connect
    self.dbapi_connection = connection = pool._invoke_creator(self)
  File "C:\Users\carlos.alemany\OneDrive - civica-soft.com\Documentos\Proyectos\Servihabitat\dbt\svhenv\lib\site-packages\sqlalchemy\engine\create.py", line 643, in connect
    return dialect.connect(*cargs, **cparams)
  File "C:\Users\carlos.alemany\OneDrive - civica-soft.com\Documentos\Proyectos\Servihabitat\dbt\svhenv\lib\site-packages\sqlalchemy\engine\default.py", line 621, in connect
    return self.loaded_dbapi.connect(*cargs, **cparams)
pyodbc.OperationalError: ('08001', '[08001] [Microsoft][ODBC Driver 17 for SQL Server]Proveedor de canalizaciones con nombre: No se pudo abrir una conexión con SQL Server [53].  (53) (SQLDriverConnect); [08001] [Microsoft][ODBC Driver 17 for SQL Server]Ha finalizado el tiempo de espera de inicio de sesión (0); [08001] [Microsoft][ODBC Driver 17 for SQL Server]Atributo de cadena de conexión no válido (0); [08001] [Microsoft][ODBC Driver 17 for SQL Server]Error relacionado con la red o específico de instancia al establecer conexión con el servidor SQL Server. El servidor no se encuentra o no está accesible. Compruebe si el nombre de la instancia es correcto y si SQL Server está configurado para permitir conexiones remotas. Para obtener más información, vea los Libros en pantalla de SQL Server. (53)')

The above exception was the direct cause of the following exception:

Traceback (most recent call last):
  File "C:\Users\carlos.alemany\OneDrive - civica-soft.com\Documentos\new especialidades\especialidades-app\helper_functions.py", line 28, in recharge_user_list
    with conn.connect() as connection:
  File "C:\Users\carlos.alemany\OneDrive - civica-soft.com\Documentos\Proyectos\Servihabitat\dbt\svhenv\lib\site-packages\sqlalchemy\engine\base.py", line 3278, in connect
    return self._connection_cls(self)
  File "C:\Users\carlos.alemany\OneDrive - civica-soft.com\Documentos\Proyectos\Servihabitat\dbt\svhenv\lib\site-packages\sqlalchemy\engine\base.py", line 148, in __init__
    Connection._handle_dbapi_exception_noconnection(
  File "C:\Users\carlos.alemany\OneDrive - civica-soft.com\Documentos\Proyectos\Servihabitat\dbt\svhenv\lib\site-packages\sqlalchemy\engine\base.py", line 2442, in _handle_dbapi_exception_noconnection
    raise sqlalchemy_exception.with_traceback(exc_info[2]) from e
  File "C:\Users\carlos.alemany\OneDrive - civica-soft.com\Documentos\Proyectos\Servihabitat\dbt\svhenv\lib\site-packages\sqlalchemy\engine\base.py", line 146, in __init__
    self._dbapi_connection = engine.raw_connection()
  File "C:\Users\carlos.alemany\OneDrive - civica-soft.com\Documentos\Proyectos\Servihabitat\dbt\svhenv\lib\site-packages\sqlalchemy\engine\base.py", line 3302, in raw_connection
    return self.pool.connect()
  File "C:\Users\carlos.alemany\OneDrive - civica-soft.com\Documentos\Proyectos\Servihabitat\dbt\svhenv\lib\site-packages\sqlalchemy\pool\base.py", line 449, in connect
    return _ConnectionFairy._checkout(self)
  File "C:\Users\carlos.alemany\OneDrive - civica-soft.com\Documentos\Proyectos\Servihabitat\dbt\svhenv\lib\site-packages\sqlalchemy\pool\base.py", line 1263, in _checkout
    fairy = _ConnectionRecord.checkout(pool)
  File "C:\Users\carlos.alemany\OneDrive - civica-soft.com\Documentos\Proyectos\Servihabitat\dbt\svhenv\lib\site-packages\sqlalchemy\pool\base.py", line 712, in checkout
    rec = pool._do_get()
  File "C:\Users\carlos.alemany\OneDrive - civica-soft.com\Documentos\Proyectos\Servihabitat\dbt\svhenv\lib\site-packages\sqlalchemy\pool\impl.py", line 179, in _do_get
    with util.safe_reraise():
  File "C:\Users\carlos.alemany\OneDrive - civica-soft.com\Documentos\Proyectos\Servihabitat\dbt\svhenv\lib\site-packages\sqlalchemy\util\langhelpers.py", line 146, in __exit__
    raise exc_value.with_traceback(exc_tb)
  File "C:\Users\carlos.alemany\OneDrive - civica-soft.com\Documentos\Proyectos\Servihabitat\dbt\svhenv\lib\site-packages\sqlalchemy\pool\impl.py", line 177, in _do_get
    return self._create_connection()
  File "C:\Users\carlos.alemany\OneDrive - civica-soft.com\Documentos\Proyectos\Servihabitat\dbt\svhenv\lib\site-packages\sqlalchemy\pool\base.py", line 390, in _create_connection
    return _ConnectionRecord(self)
  File "C:\Users\carlos.alemany\OneDrive - civica-soft.com\Documentos\Proyectos\Servihabitat\dbt\svhenv\lib\site-packages\sqlalchemy\pool\base.py", line 674, in __init__
    self.__connect()
  File "C:\Users\carlos.alemany\OneDrive - civica-soft.com\Documentos\Proyectos\Servihabitat\dbt\svhenv\lib\site-packages\sqlalchemy\pool\base.py", line 900, in __connect
    with util.safe_reraise():
  File "C:\Users\carlos.alemany\OneDrive - civica-soft.com\Documentos\Proyectos\Servihabitat\dbt\svhenv\lib\site-packages\sqlalchemy\util\langhelpers.py", line 146, in __exit__
    raise exc_value.with_traceback(exc_tb)
  File "C:\Users\carlos.alemany\OneDrive - civica-soft.com\Documentos\Proyectos\Servihabitat\dbt\svhenv\lib\site-packages\sqlalchemy\pool\base.py", line 896, in __connect
    self.dbapi_connection = connection = pool._invoke_creator(self)
  File "C:\Users\carlos.alemany\OneDrive - civica-soft.com\Documentos\Proyectos\Servihabitat\dbt\svhenv\lib\site-packages\sqlalchemy\engine\create.py", line 643, in connect
    return dialect.connect(*cargs, **cparams)
  File "C:\Users\carlos.alemany\OneDrive - civica-soft.com\Documentos\Proyectos\Servihabitat\dbt\svhenv\lib\site-packages\sqlalchemy\engine\default.py", line 621, in connect
    return self.loaded_dbapi.connect(*cargs, **cparams)
sqlalchemy.exc.OperationalError: (pyodbc.OperationalError) ('08001', '[08001] [Microsoft][ODBC Driver 17 for SQL Server]Proveedor de canalizaciones con nombre: No se pudo abrir una conexión con SQL Server [53].  (53) (SQLDriverConnect); [08001] [Microsoft][ODBC Driver 17 for SQL Server]Ha finalizado el tiempo de espera de inicio de sesión (0); [08001] [Microsoft][ODBC Driver 17 for SQL Server]Atributo de cadena de conexión no válido (0); [08001] [Microsoft][ODBC Driver 17 for SQL Server]Error relacionado con la red o específico de instancia al establecer conexión con el servidor SQL Server. El servidor no se encuentra o no está accesible. Compruebe si el nombre de la instancia es correcto y si SQL Server está configurado para permitir conexiones remotas. Para obtener más información, vea los Libros en pantalla de SQL Server. (53)')
(Background on this error at: https://sqlalche.me/e/20/e3q8)
2025-03-04 14:54:03,660 - helper_functions - ERROR - Error recharging user list: (pyodbc.OperationalError) ('08001', '[08001] [Microsoft][ODBC Driver 17 for SQL Server]Proveedor de canalizaciones con nombre: No se pudo abrir una conexión con SQL Server [53].  (53) (SQLDriverConnect); [08001] [Microsoft][ODBC Driver 17 for SQL Server]Ha finalizado el tiempo de espera de inicio de sesión (0); [08001] [Microsoft][ODBC Driver 17 for SQL Server]Atributo de cadena de conexión no válido (0); [08001] [Microsoft][ODBC Driver 17 for SQL Server]Error relacionado con la red o específico de instancia al establecer conexión con el servidor SQL Server. El servidor no se encuentra o no está accesible. Compruebe si el nombre de la instancia es correcto y si SQL Server está configurado para permitir conexiones remotas. Para obtener más información, vea los Libros en pantalla de SQL Server. (53)')
(Background on this error at: https://sqlalche.me/e/20/e3q8)
Traceback (most recent call last):
  File "C:\Users\carlos.alemany\OneDrive - civica-soft.com\Documentos\Proyectos\Servihabitat\dbt\svhenv\lib\site-packages\sqlalchemy\engine\base.py", line 146, in __init__
    self._dbapi_connection = engine.raw_connection()
  File "C:\Users\carlos.alemany\OneDrive - civica-soft.com\Documentos\Proyectos\Servihabitat\dbt\svhenv\lib\site-packages\sqlalchemy\engine\base.py", line 3302, in raw_connection
    return self.pool.connect()
  File "C:\Users\carlos.alemany\OneDrive - civica-soft.com\Documentos\Proyectos\Servihabitat\dbt\svhenv\lib\site-packages\sqlalchemy\pool\base.py", line 449, in connect
    return _ConnectionFairy._checkout(self)
  File "C:\Users\carlos.alemany\OneDrive - civica-soft.com\Documentos\Proyectos\Servihabitat\dbt\svhenv\lib\site-packages\sqlalchemy\pool\base.py", line 1263, in _checkout
    fairy = _ConnectionRecord.checkout(pool)
  File "C:\Users\carlos.alemany\OneDrive - civica-soft.com\Documentos\Proyectos\Servihabitat\dbt\svhenv\lib\site-packages\sqlalchemy\pool\base.py", line 712, in checkout
    rec = pool._do_get()
  File "C:\Users\carlos.alemany\OneDrive - civica-soft.com\Documentos\Proyectos\Servihabitat\dbt\svhenv\lib\site-packages\sqlalchemy\pool\impl.py", line 179, in _do_get
    with util.safe_reraise():
  File "C:\Users\carlos.alemany\OneDrive - civica-soft.com\Documentos\Proyectos\Servihabitat\dbt\svhenv\lib\site-packages\sqlalchemy\util\langhelpers.py", line 146, in __exit__
    raise exc_value.with_traceback(exc_tb)
  File "C:\Users\carlos.alemany\OneDrive - civica-soft.com\Documentos\Proyectos\Servihabitat\dbt\svhenv\lib\site-packages\sqlalchemy\pool\impl.py", line 177, in _do_get
    return self._create_connection()
  File "C:\Users\carlos.alemany\OneDrive - civica-soft.com\Documentos\Proyectos\Servihabitat\dbt\svhenv\lib\site-packages\sqlalchemy\pool\base.py", line 390, in _create_connection
    return _ConnectionRecord(self)
  File "C:\Users\carlos.alemany\OneDrive - civica-soft.com\Documentos\Proyectos\Servihabitat\dbt\svhenv\lib\site-packages\sqlalchemy\pool\base.py", line 674, in __init__
    self.__connect()
  File "C:\Users\carlos.alemany\OneDrive - civica-soft.com\Documentos\Proyectos\Servihabitat\dbt\svhenv\lib\site-packages\sqlalchemy\pool\base.py", line 900, in __connect
    with util.safe_reraise():
  File "C:\Users\carlos.alemany\OneDrive - civica-soft.com\Documentos\Proyectos\Servihabitat\dbt\svhenv\lib\site-packages\sqlalchemy\util\langhelpers.py", line 146, in __exit__
    raise exc_value.with_traceback(exc_tb)
  File "C:\Users\carlos.alemany\OneDrive - civica-soft.com\Documentos\Proyectos\Servihabitat\dbt\svhenv\lib\site-packages\sqlalchemy\pool\base.py", line 896, in __connect
    self.dbapi_connection = connection = pool._invoke_creator(self)
  File "C:\Users\carlos.alemany\OneDrive - civica-soft.com\Documentos\Proyectos\Servihabitat\dbt\svhenv\lib\site-packages\sqlalchemy\engine\create.py", line 643, in connect
    return dialect.connect(*cargs, **cparams)
  File "C:\Users\carlos.alemany\OneDrive - civica-soft.com\Documentos\Proyectos\Servihabitat\dbt\svhenv\lib\site-packages\sqlalchemy\engine\default.py", line 621, in connect
    return self.loaded_dbapi.connect(*cargs, **cparams)
pyodbc.OperationalError: ('08001', '[08001] [Microsoft][ODBC Driver 17 for SQL Server]Proveedor de canalizaciones con nombre: No se pudo abrir una conexión con SQL Server [53].  (53) (SQLDriverConnect); [08001] [Microsoft][ODBC Driver 17 for SQL Server]Ha finalizado el tiempo de espera de inicio de sesión (0); [08001] [Microsoft][ODBC Driver 17 for SQL Server]Atributo de cadena de conexión no válido (0); [08001] [Microsoft][ODBC Driver 17 for SQL Server]Error relacionado con la red o específico de instancia al establecer conexión con el servidor SQL Server. El servidor no se encuentra o no está accesible. Compruebe si el nombre de la instancia es correcto y si SQL Server está configurado para permitir conexiones remotas. Para obtener más información, vea los Libros en pantalla de SQL Server. (53)')

The above exception was the direct cause of the following exception:

Traceback (most recent call last):
  File "C:\Users\carlos.alemany\OneDrive - civica-soft.com\Documentos\new especialidades\especialidades-app\helper_functions.py", line 28, in recharge_user_list
    with conn.connect() as connection:
  File "C:\Users\carlos.alemany\OneDrive - civica-soft.com\Documentos\Proyectos\Servihabitat\dbt\svhenv\lib\site-packages\sqlalchemy\engine\base.py", line 3278, in connect
    return self._connection_cls(self)
  File "C:\Users\carlos.alemany\OneDrive - civica-soft.com\Documentos\Proyectos\Servihabitat\dbt\svhenv\lib\site-packages\sqlalchemy\engine\base.py", line 148, in __init__
    Connection._handle_dbapi_exception_noconnection(
  File "C:\Users\carlos.alemany\OneDrive - civica-soft.com\Documentos\Proyectos\Servihabitat\dbt\svhenv\lib\site-packages\sqlalchemy\engine\base.py", line 2442, in _handle_dbapi_exception_noconnection
    raise sqlalchemy_exception.with_traceback(exc_info[2]) from e
  File "C:\Users\carlos.alemany\OneDrive - civica-soft.com\Documentos\Proyectos\Servihabitat\dbt\svhenv\lib\site-packages\sqlalchemy\engine\base.py", line 146, in __init__
    self._dbapi_connection = engine.raw_connection()
  File "C:\Users\carlos.alemany\OneDrive - civica-soft.com\Documentos\Proyectos\Servihabitat\dbt\svhenv\lib\site-packages\sqlalchemy\engine\base.py", line 3302, in raw_connection
    return self.pool.connect()
  File "C:\Users\carlos.alemany\OneDrive - civica-soft.com\Documentos\Proyectos\Servihabitat\dbt\svhenv\lib\site-packages\sqlalchemy\pool\base.py", line 449, in connect
    return _ConnectionFairy._checkout(self)
  File "C:\Users\carlos.alemany\OneDrive - civica-soft.com\Documentos\Proyectos\Servihabitat\dbt\svhenv\lib\site-packages\sqlalchemy\pool\base.py", line 1263, in _checkout
    fairy = _ConnectionRecord.checkout(pool)
  File "C:\Users\carlos.alemany\OneDrive - civica-soft.com\Documentos\Proyectos\Servihabitat\dbt\svhenv\lib\site-packages\sqlalchemy\pool\base.py", line 712, in checkout
    rec = pool._do_get()
  File "C:\Users\carlos.alemany\OneDrive - civica-soft.com\Documentos\Proyectos\Servihabitat\dbt\svhenv\lib\site-packages\sqlalchemy\pool\impl.py", line 179, in _do_get
    with util.safe_reraise():
  File "C:\Users\carlos.alemany\OneDrive - civica-soft.com\Documentos\Proyectos\Servihabitat\dbt\svhenv\lib\site-packages\sqlalchemy\util\langhelpers.py", line 146, in __exit__
    raise exc_value.with_traceback(exc_tb)
  File "C:\Users\carlos.alemany\OneDrive - civica-soft.com\Documentos\Proyectos\Servihabitat\dbt\svhenv\lib\site-packages\sqlalchemy\pool\impl.py", line 177, in _do_get
    return self._create_connection()
  File "C:\Users\carlos.alemany\OneDrive - civica-soft.com\Documentos\Proyectos\Servihabitat\dbt\svhenv\lib\site-packages\sqlalchemy\pool\base.py", line 390, in _create_connection
    return _ConnectionRecord(self)
  File "C:\Users\carlos.alemany\OneDrive - civica-soft.com\Documentos\Proyectos\Servihabitat\dbt\svhenv\lib\site-packages\sqlalchemy\pool\base.py", line 674, in __init__
    self.__connect()
  File "C:\Users\carlos.alemany\OneDrive - civica-soft.com\Documentos\Proyectos\Servihabitat\dbt\svhenv\lib\site-packages\sqlalchemy\pool\base.py", line 900, in __connect
    with util.safe_reraise():
  File "C:\Users\carlos.alemany\OneDrive - civica-soft.com\Documentos\Proyectos\Servihabitat\dbt\svhenv\lib\site-packages\sqlalchemy\util\langhelpers.py", line 146, in __exit__
    raise exc_value.with_traceback(exc_tb)
  File "C:\Users\carlos.alemany\OneDrive - civica-soft.com\Documentos\Proyectos\Servihabitat\dbt\svhenv\lib\site-packages\sqlalchemy\pool\base.py", line 896, in __connect
    self.dbapi_connection = connection = pool._invoke_creator(self)
  File "C:\Users\carlos.alemany\OneDrive - civica-soft.com\Documentos\Proyectos\Servihabitat\dbt\svhenv\lib\site-packages\sqlalchemy\engine\create.py", line 643, in connect
    return dialect.connect(*cargs, **cparams)
  File "C:\Users\carlos.alemany\OneDrive - civica-soft.com\Documentos\Proyectos\Servihabitat\dbt\svhenv\lib\site-packages\sqlalchemy\engine\default.py", line 621, in connect
    return self.loaded_dbapi.connect(*cargs, **cparams)
sqlalchemy.exc.OperationalError: (pyodbc.OperationalError) ('08001', '[08001] [Microsoft][ODBC Driver 17 for SQL Server]Proveedor de canalizaciones con nombre: No se pudo abrir una conexión con SQL Server [53].  (53) (SQLDriverConnect); [08001] [Microsoft][ODBC Driver 17 for SQL Server]Ha finalizado el tiempo de espera de inicio de sesión (0); [08001] [Microsoft][ODBC Driver 17 for SQL Server]Atributo de cadena de conexión no válido (0); [08001] [Microsoft][ODBC Driver 17 for SQL Server]Error relacionado con la red o específico de instancia al establecer conexión con el servidor SQL Server. El servidor no se encuentra o no está accesible. Compruebe si el nombre de la instancia es correcto y si SQL Server está configurado para permitir conexiones remotas. Para obtener más información, vea los Libros en pantalla de SQL Server. (53)')
(Background on this error at: https://sqlalche.me/e/20/e3q8)
2025-03-04 14:54:05,145 - helper_functions - ERROR - Error recharging user list: (pyodbc.OperationalError) ('08001', '[08001] [Microsoft][ODBC Driver 17 for SQL Server]Proveedor de canalizaciones con nombre: No se pudo abrir una conexión con SQL Server [53].  (53) (SQLDriverConnect); [08001] [Microsoft][ODBC Driver 17 for SQL Server]Ha finalizado el tiempo de espera de inicio de sesión (0); [08001] [Microsoft][ODBC Driver 17 for SQL Server]Atributo de cadena de conexión no válido (0); [08001] [Microsoft][ODBC Driver 17 for SQL Server]Error relacionado con la red o específico de instancia al establecer conexión con el servidor SQL Server. El servidor no se encuentra o no está accesible. Compruebe si el nombre de la instancia es correcto y si SQL Server está configurado para permitir conexiones remotas. Para obtener más información, vea los Libros en pantalla de SQL Server. (53)')
(Background on this error at: https://sqlalche.me/e/20/e3q8)
Traceback (most recent call last):
  File "C:\Users\carlos.alemany\OneDrive - civica-soft.com\Documentos\Proyectos\Servihabitat\dbt\svhenv\lib\site-packages\sqlalchemy\engine\base.py", line 146, in __init__
    self._dbapi_connection = engine.raw_connection()
  File "C:\Users\carlos.alemany\OneDrive - civica-soft.com\Documentos\Proyectos\Servihabitat\dbt\svhenv\lib\site-packages\sqlalchemy\engine\base.py", line 3302, in raw_connection
    return self.pool.connect()
  File "C:\Users\carlos.alemany\OneDrive - civica-soft.com\Documentos\Proyectos\Servihabitat\dbt\svhenv\lib\site-packages\sqlalchemy\pool\base.py", line 449, in connect
    return _ConnectionFairy._checkout(self)
  File "C:\Users\carlos.alemany\OneDrive - civica-soft.com\Documentos\Proyectos\Servihabitat\dbt\svhenv\lib\site-packages\sqlalchemy\pool\base.py", line 1263, in _checkout
    fairy = _ConnectionRecord.checkout(pool)
  File "C:\Users\carlos.alemany\OneDrive - civica-soft.com\Documentos\Proyectos\Servihabitat\dbt\svhenv\lib\site-packages\sqlalchemy\pool\base.py", line 712, in checkout
    rec = pool._do_get()
  File "C:\Users\carlos.alemany\OneDrive - civica-soft.com\Documentos\Proyectos\Servihabitat\dbt\svhenv\lib\site-packages\sqlalchemy\pool\impl.py", line 179, in _do_get
    with util.safe_reraise():
  File "C:\Users\carlos.alemany\OneDrive - civica-soft.com\Documentos\Proyectos\Servihabitat\dbt\svhenv\lib\site-packages\sqlalchemy\util\langhelpers.py", line 146, in __exit__
    raise exc_value.with_traceback(exc_tb)
  File "C:\Users\carlos.alemany\OneDrive - civica-soft.com\Documentos\Proyectos\Servihabitat\dbt\svhenv\lib\site-packages\sqlalchemy\pool\impl.py", line 177, in _do_get
    return self._create_connection()
  File "C:\Users\carlos.alemany\OneDrive - civica-soft.com\Documentos\Proyectos\Servihabitat\dbt\svhenv\lib\site-packages\sqlalchemy\pool\base.py", line 390, in _create_connection
    return _ConnectionRecord(self)
  File "C:\Users\carlos.alemany\OneDrive - civica-soft.com\Documentos\Proyectos\Servihabitat\dbt\svhenv\lib\site-packages\sqlalchemy\pool\base.py", line 674, in __init__
    self.__connect()
  File "C:\Users\carlos.alemany\OneDrive - civica-soft.com\Documentos\Proyectos\Servihabitat\dbt\svhenv\lib\site-packages\sqlalchemy\pool\base.py", line 900, in __connect
    with util.safe_reraise():
  File "C:\Users\carlos.alemany\OneDrive - civica-soft.com\Documentos\Proyectos\Servihabitat\dbt\svhenv\lib\site-packages\sqlalchemy\util\langhelpers.py", line 146, in __exit__
    raise exc_value.with_traceback(exc_tb)
  File "C:\Users\carlos.alemany\OneDrive - civica-soft.com\Documentos\Proyectos\Servihabitat\dbt\svhenv\lib\site-packages\sqlalchemy\pool\base.py", line 896, in __connect
    self.dbapi_connection = connection = pool._invoke_creator(self)
  File "C:\Users\carlos.alemany\OneDrive - civica-soft.com\Documentos\Proyectos\Servihabitat\dbt\svhenv\lib\site-packages\sqlalchemy\engine\create.py", line 643, in connect
    return dialect.connect(*cargs, **cparams)
  File "C:\Users\carlos.alemany\OneDrive - civica-soft.com\Documentos\Proyectos\Servihabitat\dbt\svhenv\lib\site-packages\sqlalchemy\engine\default.py", line 621, in connect
    return self.loaded_dbapi.connect(*cargs, **cparams)
pyodbc.OperationalError: ('08001', '[08001] [Microsoft][ODBC Driver 17 for SQL Server]Proveedor de canalizaciones con nombre: No se pudo abrir una conexión con SQL Server [53].  (53) (SQLDriverConnect); [08001] [Microsoft][ODBC Driver 17 for SQL Server]Ha finalizado el tiempo de espera de inicio de sesión (0); [08001] [Microsoft][ODBC Driver 17 for SQL Server]Atributo de cadena de conexión no válido (0); [08001] [Microsoft][ODBC Driver 17 for SQL Server]Error relacionado con la red o específico de instancia al establecer conexión con el servidor SQL Server. El servidor no se encuentra o no está accesible. Compruebe si el nombre de la instancia es correcto y si SQL Server está configurado para permitir conexiones remotas. Para obtener más información, vea los Libros en pantalla de SQL Server. (53)')

The above exception was the direct cause of the following exception:

Traceback (most recent call last):
  File "C:\Users\carlos.alemany\OneDrive - civica-soft.com\Documentos\new especialidades\especialidades-app\helper_functions.py", line 28, in recharge_user_list
    with conn.connect() as connection:
  File "C:\Users\carlos.alemany\OneDrive - civica-soft.com\Documentos\Proyectos\Servihabitat\dbt\svhenv\lib\site-packages\sqlalchemy\engine\base.py", line 3278, in connect
    return self._connection_cls(self)
  File "C:\Users\carlos.alemany\OneDrive - civica-soft.com\Documentos\Proyectos\Servihabitat\dbt\svhenv\lib\site-packages\sqlalchemy\engine\base.py", line 148, in __init__
    Connection._handle_dbapi_exception_noconnection(
  File "C:\Users\carlos.alemany\OneDrive - civica-soft.com\Documentos\Proyectos\Servihabitat\dbt\svhenv\lib\site-packages\sqlalchemy\engine\base.py", line 2442, in _handle_dbapi_exception_noconnection
    raise sqlalchemy_exception.with_traceback(exc_info[2]) from e
  File "C:\Users\carlos.alemany\OneDrive - civica-soft.com\Documentos\Proyectos\Servihabitat\dbt\svhenv\lib\site-packages\sqlalchemy\engine\base.py", line 146, in __init__
    self._dbapi_connection = engine.raw_connection()
  File "C:\Users\carlos.alemany\OneDrive - civica-soft.com\Documentos\Proyectos\Servihabitat\dbt\svhenv\lib\site-packages\sqlalchemy\engine\base.py", line 3302, in raw_connection
    return self.pool.connect()
  File "C:\Users\carlos.alemany\OneDrive - civica-soft.com\Documentos\Proyectos\Servihabitat\dbt\svhenv\lib\site-packages\sqlalchemy\pool\base.py", line 449, in connect
    return _ConnectionFairy._checkout(self)
  File "C:\Users\carlos.alemany\OneDrive - civica-soft.com\Documentos\Proyectos\Servihabitat\dbt\svhenv\lib\site-packages\sqlalchemy\pool\base.py", line 1263, in _checkout
    fairy = _ConnectionRecord.checkout(pool)
  File "C:\Users\carlos.alemany\OneDrive - civica-soft.com\Documentos\Proyectos\Servihabitat\dbt\svhenv\lib\site-packages\sqlalchemy\pool\base.py", line 712, in checkout
    rec = pool._do_get()
  File "C:\Users\carlos.alemany\OneDrive - civica-soft.com\Documentos\Proyectos\Servihabitat\dbt\svhenv\lib\site-packages\sqlalchemy\pool\impl.py", line 179, in _do_get
    with util.safe_reraise():
  File "C:\Users\carlos.alemany\OneDrive - civica-soft.com\Documentos\Proyectos\Servihabitat\dbt\svhenv\lib\site-packages\sqlalchemy\util\langhelpers.py", line 146, in __exit__
    raise exc_value.with_traceback(exc_tb)
  File "C:\Users\carlos.alemany\OneDrive - civica-soft.com\Documentos\Proyectos\Servihabitat\dbt\svhenv\lib\site-packages\sqlalchemy\pool\impl.py", line 177, in _do_get
    return self._create_connection()
  File "C:\Users\carlos.alemany\OneDrive - civica-soft.com\Documentos\Proyectos\Servihabitat\dbt\svhenv\lib\site-packages\sqlalchemy\pool\base.py", line 390, in _create_connection
    return _ConnectionRecord(self)
  File "C:\Users\carlos.alemany\OneDrive - civica-soft.com\Documentos\Proyectos\Servihabitat\dbt\svhenv\lib\site-packages\sqlalchemy\pool\base.py", line 674, in __init__
    self.__connect()
  File "C:\Users\carlos.alemany\OneDrive - civica-soft.com\Documentos\Proyectos\Servihabitat\dbt\svhenv\lib\site-packages\sqlalchemy\pool\base.py", line 900, in __connect
    with util.safe_reraise():
  File "C:\Users\carlos.alemany\OneDrive - civica-soft.com\Documentos\Proyectos\Servihabitat\dbt\svhenv\lib\site-packages\sqlalchemy\util\langhelpers.py", line 146, in __exit__
    raise exc_value.with_traceback(exc_tb)
  File "C:\Users\carlos.alemany\OneDrive - civica-soft.com\Documentos\Proyectos\Servihabitat\dbt\svhenv\lib\site-packages\sqlalchemy\pool\base.py", line 896, in __connect
    self.dbapi_connection = connection = pool._invoke_creator(self)
  File "C:\Users\carlos.alemany\OneDrive - civica-soft.com\Documentos\Proyectos\Servihabitat\dbt\svhenv\lib\site-packages\sqlalchemy\engine\create.py", line 643, in connect
    return dialect.connect(*cargs, **cparams)
  File "C:\Users\carlos.alemany\OneDrive - civica-soft.com\Documentos\Proyectos\Servihabitat\dbt\svhenv\lib\site-packages\sqlalchemy\engine\default.py", line 621, in connect
    return self.loaded_dbapi.connect(*cargs, **cparams)
sqlalchemy.exc.OperationalError: (pyodbc.OperationalError) ('08001', '[08001] [Microsoft][ODBC Driver 17 for SQL Server]Proveedor de canalizaciones con nombre: No se pudo abrir una conexión con SQL Server [53].  (53) (SQLDriverConnect); [08001] [Microsoft][ODBC Driver 17 for SQL Server]Ha finalizado el tiempo de espera de inicio de sesión (0); [08001] [Microsoft][ODBC Driver 17 for SQL Server]Atributo de cadena de conexión no válido (0); [08001] [Microsoft][ODBC Driver 17 for SQL Server]Error relacionado con la red o específico de instancia al establecer conexión con el servidor SQL Server. El servidor no se encuentra o no está accesible. Compruebe si el nombre de la instancia es correcto y si SQL Server está configurado para permitir conexiones remotas. Para obtener más información, vea los Libros en pantalla de SQL Server. (53)')
(Background on this error at: https://sqlalche.me/e/20/e3q8)
2025-03-04 14:54:16,997 - __main__ - INFO - Combined UI and performance patches applied successfully
2025-03-04 14:54:20,181 - __main__ - INFO - Combined UI and performance patches applied successfully
2025-03-04 14:54:20,235 - helper_functions - ERROR - Error recharging user list: (pyodbc.OperationalError) ('08001', '[08001] [Microsoft][ODBC Driver 17 for SQL Server]Proveedor de canalizaciones con nombre: No se pudo abrir una conexión con SQL Server [53].  (53) (SQLDriverConnect); [08001] [Microsoft][ODBC Driver 17 for SQL Server]Ha finalizado el tiempo de espera de inicio de sesión (0); [08001] [Microsoft][ODBC Driver 17 for SQL Server]Atributo de cadena de conexión no válido (0); [08001] [Microsoft][ODBC Driver 17 for SQL Server]Error relacionado con la red o específico de instancia al establecer conexión con el servidor SQL Server. El servidor no se encuentra o no está accesible. Compruebe si el nombre de la instancia es correcto y si SQL Server está configurado para permitir conexiones remotas. Para obtener más información, vea los Libros en pantalla de SQL Server. (53)')
(Background on this error at: https://sqlalche.me/e/20/e3q8)
Traceback (most recent call last):
  File "C:\Users\carlos.alemany\OneDrive - civica-soft.com\Documentos\Proyectos\Servihabitat\dbt\svhenv\lib\site-packages\sqlalchemy\engine\base.py", line 146, in __init__
    self._dbapi_connection = engine.raw_connection()
  File "C:\Users\carlos.alemany\OneDrive - civica-soft.com\Documentos\Proyectos\Servihabitat\dbt\svhenv\lib\site-packages\sqlalchemy\engine\base.py", line 3302, in raw_connection
    return self.pool.connect()
  File "C:\Users\carlos.alemany\OneDrive - civica-soft.com\Documentos\Proyectos\Servihabitat\dbt\svhenv\lib\site-packages\sqlalchemy\pool\base.py", line 449, in connect
    return _ConnectionFairy._checkout(self)
  File "C:\Users\carlos.alemany\OneDrive - civica-soft.com\Documentos\Proyectos\Servihabitat\dbt\svhenv\lib\site-packages\sqlalchemy\pool\base.py", line 1263, in _checkout
    fairy = _ConnectionRecord.checkout(pool)
  File "C:\Users\carlos.alemany\OneDrive - civica-soft.com\Documentos\Proyectos\Servihabitat\dbt\svhenv\lib\site-packages\sqlalchemy\pool\base.py", line 712, in checkout
    rec = pool._do_get()
  File "C:\Users\carlos.alemany\OneDrive - civica-soft.com\Documentos\Proyectos\Servihabitat\dbt\svhenv\lib\site-packages\sqlalchemy\pool\impl.py", line 179, in _do_get
    with util.safe_reraise():
  File "C:\Users\carlos.alemany\OneDrive - civica-soft.com\Documentos\Proyectos\Servihabitat\dbt\svhenv\lib\site-packages\sqlalchemy\util\langhelpers.py", line 146, in __exit__
    raise exc_value.with_traceback(exc_tb)
  File "C:\Users\carlos.alemany\OneDrive - civica-soft.com\Documentos\Proyectos\Servihabitat\dbt\svhenv\lib\site-packages\sqlalchemy\pool\impl.py", line 177, in _do_get
    return self._create_connection()
  File "C:\Users\carlos.alemany\OneDrive - civica-soft.com\Documentos\Proyectos\Servihabitat\dbt\svhenv\lib\site-packages\sqlalchemy\pool\base.py", line 390, in _create_connection
    return _ConnectionRecord(self)
  File "C:\Users\carlos.alemany\OneDrive - civica-soft.com\Documentos\Proyectos\Servihabitat\dbt\svhenv\lib\site-packages\sqlalchemy\pool\base.py", line 674, in __init__
    self.__connect()
  File "C:\Users\carlos.alemany\OneDrive - civica-soft.com\Documentos\Proyectos\Servihabitat\dbt\svhenv\lib\site-packages\sqlalchemy\pool\base.py", line 900, in __connect
    with util.safe_reraise():
  File "C:\Users\carlos.alemany\OneDrive - civica-soft.com\Documentos\Proyectos\Servihabitat\dbt\svhenv\lib\site-packages\sqlalchemy\util\langhelpers.py", line 146, in __exit__
    raise exc_value.with_traceback(exc_tb)
  File "C:\Users\carlos.alemany\OneDrive - civica-soft.com\Documentos\Proyectos\Servihabitat\dbt\svhenv\lib\site-packages\sqlalchemy\pool\base.py", line 896, in __connect
    self.dbapi_connection = connection = pool._invoke_creator(self)
  File "C:\Users\carlos.alemany\OneDrive - civica-soft.com\Documentos\Proyectos\Servihabitat\dbt\svhenv\lib\site-packages\sqlalchemy\engine\create.py", line 643, in connect
    return dialect.connect(*cargs, **cparams)
  File "C:\Users\carlos.alemany\OneDrive - civica-soft.com\Documentos\Proyectos\Servihabitat\dbt\svhenv\lib\site-packages\sqlalchemy\engine\default.py", line 621, in connect
    return self.loaded_dbapi.connect(*cargs, **cparams)
pyodbc.OperationalError: ('08001', '[08001] [Microsoft][ODBC Driver 17 for SQL Server]Proveedor de canalizaciones con nombre: No se pudo abrir una conexión con SQL Server [53].  (53) (SQLDriverConnect); [08001] [Microsoft][ODBC Driver 17 for SQL Server]Ha finalizado el tiempo de espera de inicio de sesión (0); [08001] [Microsoft][ODBC Driver 17 for SQL Server]Atributo de cadena de conexión no válido (0); [08001] [Microsoft][ODBC Driver 17 for SQL Server]Error relacionado con la red o específico de instancia al establecer conexión con el servidor SQL Server. El servidor no se encuentra o no está accesible. Compruebe si el nombre de la instancia es correcto y si SQL Server está configurado para permitir conexiones remotas. Para obtener más información, vea los Libros en pantalla de SQL Server. (53)')

The above exception was the direct cause of the following exception:

Traceback (most recent call last):
  File "C:\Users\carlos.alemany\OneDrive - civica-soft.com\Documentos\new especialidades\especialidades-app\helper_functions.py", line 28, in recharge_user_list
    with conn.connect() as connection:
  File "C:\Users\carlos.alemany\OneDrive - civica-soft.com\Documentos\Proyectos\Servihabitat\dbt\svhenv\lib\site-packages\sqlalchemy\engine\base.py", line 3278, in connect
    return self._connection_cls(self)
  File "C:\Users\carlos.alemany\OneDrive - civica-soft.com\Documentos\Proyectos\Servihabitat\dbt\svhenv\lib\site-packages\sqlalchemy\engine\base.py", line 148, in __init__
    Connection._handle_dbapi_exception_noconnection(
  File "C:\Users\carlos.alemany\OneDrive - civica-soft.com\Documentos\Proyectos\Servihabitat\dbt\svhenv\lib\site-packages\sqlalchemy\engine\base.py", line 2442, in _handle_dbapi_exception_noconnection
    raise sqlalchemy_exception.with_traceback(exc_info[2]) from e
  File "C:\Users\carlos.alemany\OneDrive - civica-soft.com\Documentos\Proyectos\Servihabitat\dbt\svhenv\lib\site-packages\sqlalchemy\engine\base.py", line 146, in __init__
    self._dbapi_connection = engine.raw_connection()
  File "C:\Users\carlos.alemany\OneDrive - civica-soft.com\Documentos\Proyectos\Servihabitat\dbt\svhenv\lib\site-packages\sqlalchemy\engine\base.py", line 3302, in raw_connection
    return self.pool.connect()
  File "C:\Users\carlos.alemany\OneDrive - civica-soft.com\Documentos\Proyectos\Servihabitat\dbt\svhenv\lib\site-packages\sqlalchemy\pool\base.py", line 449, in connect
    return _ConnectionFairy._checkout(self)
  File "C:\Users\carlos.alemany\OneDrive - civica-soft.com\Documentos\Proyectos\Servihabitat\dbt\svhenv\lib\site-packages\sqlalchemy\pool\base.py", line 1263, in _checkout
    fairy = _ConnectionRecord.checkout(pool)
  File "C:\Users\carlos.alemany\OneDrive - civica-soft.com\Documentos\Proyectos\Servihabitat\dbt\svhenv\lib\site-packages\sqlalchemy\pool\base.py", line 712, in checkout
    rec = pool._do_get()
  File "C:\Users\carlos.alemany\OneDrive - civica-soft.com\Documentos\Proyectos\Servihabitat\dbt\svhenv\lib\site-packages\sqlalchemy\pool\impl.py", line 179, in _do_get
    with util.safe_reraise():
  File "C:\Users\carlos.alemany\OneDrive - civica-soft.com\Documentos\Proyectos\Servihabitat\dbt\svhenv\lib\site-packages\sqlalchemy\util\langhelpers.py", line 146, in __exit__
    raise exc_value.with_traceback(exc_tb)
  File "C:\Users\carlos.alemany\OneDrive - civica-soft.com\Documentos\Proyectos\Servihabitat\dbt\svhenv\lib\site-packages\sqlalchemy\pool\impl.py", line 177, in _do_get
    return self._create_connection()
  File "C:\Users\carlos.alemany\OneDrive - civica-soft.com\Documentos\Proyectos\Servihabitat\dbt\svhenv\lib\site-packages\sqlalchemy\pool\base.py", line 390, in _create_connection
    return _ConnectionRecord(self)
  File "C:\Users\carlos.alemany\OneDrive - civica-soft.com\Documentos\Proyectos\Servihabitat\dbt\svhenv\lib\site-packages\sqlalchemy\pool\base.py", line 674, in __init__
    self.__connect()
  File "C:\Users\carlos.alemany\OneDrive - civica-soft.com\Documentos\Proyectos\Servihabitat\dbt\svhenv\lib\site-packages\sqlalchemy\pool\base.py", line 900, in __connect
    with util.safe_reraise():
  File "C:\Users\carlos.alemany\OneDrive - civica-soft.com\Documentos\Proyectos\Servihabitat\dbt\svhenv\lib\site-packages\sqlalchemy\util\langhelpers.py", line 146, in __exit__
    raise exc_value.with_traceback(exc_tb)
  File "C:\Users\carlos.alemany\OneDrive - civica-soft.com\Documentos\Proyectos\Servihabitat\dbt\svhenv\lib\site-packages\sqlalchemy\pool\base.py", line 896, in __connect
    self.dbapi_connection = connection = pool._invoke_creator(self)
  File "C:\Users\carlos.alemany\OneDrive - civica-soft.com\Documentos\Proyectos\Servihabitat\dbt\svhenv\lib\site-packages\sqlalchemy\engine\create.py", line 643, in connect
    return dialect.connect(*cargs, **cparams)
  File "C:\Users\carlos.alemany\OneDrive - civica-soft.com\Documentos\Proyectos\Servihabitat\dbt\svhenv\lib\site-packages\sqlalchemy\engine\default.py", line 621, in connect
    return self.loaded_dbapi.connect(*cargs, **cparams)
sqlalchemy.exc.OperationalError: (pyodbc.OperationalError) ('08001', '[08001] [Microsoft][ODBC Driver 17 for SQL Server]Proveedor de canalizaciones con nombre: No se pudo abrir una conexión con SQL Server [53].  (53) (SQLDriverConnect); [08001] [Microsoft][ODBC Driver 17 for SQL Server]Ha finalizado el tiempo de espera de inicio de sesión (0); [08001] [Microsoft][ODBC Driver 17 for SQL Server]Atributo de cadena de conexión no válido (0); [08001] [Microsoft][ODBC Driver 17 for SQL Server]Error relacionado con la red o específico de instancia al establecer conexión con el servidor SQL Server. El servidor no se encuentra o no está accesible. Compruebe si el nombre de la instancia es correcto y si SQL Server está configurado para permitir conexiones remotas. Para obtener más información, vea los Libros en pantalla de SQL Server. (53)')
(Background on this error at: https://sqlalche.me/e/20/e3q8)
2025-03-04 14:54:25,382 - __main__ - INFO - Combined UI and performance patches applied successfully
2025-03-04 14:54:28,459 - __main__ - INFO - Combined UI and performance patches applied successfully
2025-03-04 14:54:29,626 - __main__ - INFO - Combined UI and performance patches applied successfully
2025-03-04 14:54:32,080 - helper_functions - ERROR - Error recharging user list: (pyodbc.OperationalError) ('08001', '[08001] [Microsoft][ODBC Driver 17 for SQL Server]Proveedor de canalizaciones con nombre: No se pudo abrir una conexión con SQL Server [53].  (53) (SQLDriverConnect); [08001] [Microsoft][ODBC Driver 17 for SQL Server]Ha finalizado el tiempo de espera de inicio de sesión (0); [08001] [Microsoft][ODBC Driver 17 for SQL Server]Atributo de cadena de conexión no válido (0); [08001] [Microsoft][ODBC Driver 17 for SQL Server]Error relacionado con la red o específico de instancia al establecer conexión con el servidor SQL Server. El servidor no se encuentra o no está accesible. Compruebe si el nombre de la instancia es correcto y si SQL Server está configurado para permitir conexiones remotas. Para obtener más información, vea los Libros en pantalla de SQL Server. (53)')
(Background on this error at: https://sqlalche.me/e/20/e3q8)
Traceback (most recent call last):
  File "C:\Users\carlos.alemany\OneDrive - civica-soft.com\Documentos\Proyectos\Servihabitat\dbt\svhenv\lib\site-packages\sqlalchemy\engine\base.py", line 146, in __init__
    self._dbapi_connection = engine.raw_connection()
  File "C:\Users\carlos.alemany\OneDrive - civica-soft.com\Documentos\Proyectos\Servihabitat\dbt\svhenv\lib\site-packages\sqlalchemy\engine\base.py", line 3302, in raw_connection
    return self.pool.connect()
  File "C:\Users\carlos.alemany\OneDrive - civica-soft.com\Documentos\Proyectos\Servihabitat\dbt\svhenv\lib\site-packages\sqlalchemy\pool\base.py", line 449, in connect
    return _ConnectionFairy._checkout(self)
  File "C:\Users\carlos.alemany\OneDrive - civica-soft.com\Documentos\Proyectos\Servihabitat\dbt\svhenv\lib\site-packages\sqlalchemy\pool\base.py", line 1263, in _checkout
    fairy = _ConnectionRecord.checkout(pool)
  File "C:\Users\carlos.alemany\OneDrive - civica-soft.com\Documentos\Proyectos\Servihabitat\dbt\svhenv\lib\site-packages\sqlalchemy\pool\base.py", line 712, in checkout
    rec = pool._do_get()
  File "C:\Users\carlos.alemany\OneDrive - civica-soft.com\Documentos\Proyectos\Servihabitat\dbt\svhenv\lib\site-packages\sqlalchemy\pool\impl.py", line 179, in _do_get
    with util.safe_reraise():
  File "C:\Users\carlos.alemany\OneDrive - civica-soft.com\Documentos\Proyectos\Servihabitat\dbt\svhenv\lib\site-packages\sqlalchemy\util\langhelpers.py", line 146, in __exit__
    raise exc_value.with_traceback(exc_tb)
  File "C:\Users\carlos.alemany\OneDrive - civica-soft.com\Documentos\Proyectos\Servihabitat\dbt\svhenv\lib\site-packages\sqlalchemy\pool\impl.py", line 177, in _do_get
    return self._create_connection()
  File "C:\Users\carlos.alemany\OneDrive - civica-soft.com\Documentos\Proyectos\Servihabitat\dbt\svhenv\lib\site-packages\sqlalchemy\pool\base.py", line 390, in _create_connection
    return _ConnectionRecord(self)
  File "C:\Users\carlos.alemany\OneDrive - civica-soft.com\Documentos\Proyectos\Servihabitat\dbt\svhenv\lib\site-packages\sqlalchemy\pool\base.py", line 674, in __init__
    self.__connect()
  File "C:\Users\carlos.alemany\OneDrive - civica-soft.com\Documentos\Proyectos\Servihabitat\dbt\svhenv\lib\site-packages\sqlalchemy\pool\base.py", line 900, in __connect
    with util.safe_reraise():
  File "C:\Users\carlos.alemany\OneDrive - civica-soft.com\Documentos\Proyectos\Servihabitat\dbt\svhenv\lib\site-packages\sqlalchemy\util\langhelpers.py", line 146, in __exit__
    raise exc_value.with_traceback(exc_tb)
  File "C:\Users\carlos.alemany\OneDrive - civica-soft.com\Documentos\Proyectos\Servihabitat\dbt\svhenv\lib\site-packages\sqlalchemy\pool\base.py", line 896, in __connect
    self.dbapi_connection = connection = pool._invoke_creator(self)
  File "C:\Users\carlos.alemany\OneDrive - civica-soft.com\Documentos\Proyectos\Servihabitat\dbt\svhenv\lib\site-packages\sqlalchemy\engine\create.py", line 643, in connect
    return dialect.connect(*cargs, **cparams)
  File "C:\Users\carlos.alemany\OneDrive - civica-soft.com\Documentos\Proyectos\Servihabitat\dbt\svhenv\lib\site-packages\sqlalchemy\engine\default.py", line 621, in connect
    return self.loaded_dbapi.connect(*cargs, **cparams)
pyodbc.OperationalError: ('08001', '[08001] [Microsoft][ODBC Driver 17 for SQL Server]Proveedor de canalizaciones con nombre: No se pudo abrir una conexión con SQL Server [53].  (53) (SQLDriverConnect); [08001] [Microsoft][ODBC Driver 17 for SQL Server]Ha finalizado el tiempo de espera de inicio de sesión (0); [08001] [Microsoft][ODBC Driver 17 for SQL Server]Atributo de cadena de conexión no válido (0); [08001] [Microsoft][ODBC Driver 17 for SQL Server]Error relacionado con la red o específico de instancia al establecer conexión con el servidor SQL Server. El servidor no se encuentra o no está accesible. Compruebe si el nombre de la instancia es correcto y si SQL Server está configurado para permitir conexiones remotas. Para obtener más información, vea los Libros en pantalla de SQL Server. (53)')

The above exception was the direct cause of the following exception:

Traceback (most recent call last):
  File "C:\Users\carlos.alemany\OneDrive - civica-soft.com\Documentos\new especialidades\especialidades-app\helper_functions.py", line 28, in recharge_user_list
    with conn.connect() as connection:
  File "C:\Users\carlos.alemany\OneDrive - civica-soft.com\Documentos\Proyectos\Servihabitat\dbt\svhenv\lib\site-packages\sqlalchemy\engine\base.py", line 3278, in connect
    return self._connection_cls(self)
  File "C:\Users\carlos.alemany\OneDrive - civica-soft.com\Documentos\Proyectos\Servihabitat\dbt\svhenv\lib\site-packages\sqlalchemy\engine\base.py", line 148, in __init__
    Connection._handle_dbapi_exception_noconnection(
  File "C:\Users\carlos.alemany\OneDrive - civica-soft.com\Documentos\Proyectos\Servihabitat\dbt\svhenv\lib\site-packages\sqlalchemy\engine\base.py", line 2442, in _handle_dbapi_exception_noconnection
    raise sqlalchemy_exception.with_traceback(exc_info[2]) from e
  File "C:\Users\carlos.alemany\OneDrive - civica-soft.com\Documentos\Proyectos\Servihabitat\dbt\svhenv\lib\site-packages\sqlalchemy\engine\base.py", line 146, in __init__
    self._dbapi_connection = engine.raw_connection()
  File "C:\Users\carlos.alemany\OneDrive - civica-soft.com\Documentos\Proyectos\Servihabitat\dbt\svhenv\lib\site-packages\sqlalchemy\engine\base.py", line 3302, in raw_connection
    return self.pool.connect()
  File "C:\Users\carlos.alemany\OneDrive - civica-soft.com\Documentos\Proyectos\Servihabitat\dbt\svhenv\lib\site-packages\sqlalchemy\pool\base.py", line 449, in connect
    return _ConnectionFairy._checkout(self)
  File "C:\Users\carlos.alemany\OneDrive - civica-soft.com\Documentos\Proyectos\Servihabitat\dbt\svhenv\lib\site-packages\sqlalchemy\pool\base.py", line 1263, in _checkout
    fairy = _ConnectionRecord.checkout(pool)
  File "C:\Users\carlos.alemany\OneDrive - civica-soft.com\Documentos\Proyectos\Servihabitat\dbt\svhenv\lib\site-packages\sqlalchemy\pool\base.py", line 712, in checkout
    rec = pool._do_get()
  File "C:\Users\carlos.alemany\OneDrive - civica-soft.com\Documentos\Proyectos\Servihabitat\dbt\svhenv\lib\site-packages\sqlalchemy\pool\impl.py", line 179, in _do_get
    with util.safe_reraise():
  File "C:\Users\carlos.alemany\OneDrive - civica-soft.com\Documentos\Proyectos\Servihabitat\dbt\svhenv\lib\site-packages\sqlalchemy\util\langhelpers.py", line 146, in __exit__
    raise exc_value.with_traceback(exc_tb)
  File "C:\Users\carlos.alemany\OneDrive - civica-soft.com\Documentos\Proyectos\Servihabitat\dbt\svhenv\lib\site-packages\sqlalchemy\pool\impl.py", line 177, in _do_get
    return self._create_connection()
  File "C:\Users\carlos.alemany\OneDrive - civica-soft.com\Documentos\Proyectos\Servihabitat\dbt\svhenv\lib\site-packages\sqlalchemy\pool\base.py", line 390, in _create_connection
    return _ConnectionRecord(self)
  File "C:\Users\carlos.alemany\OneDrive - civica-soft.com\Documentos\Proyectos\Servihabitat\dbt\svhenv\lib\site-packages\sqlalchemy\pool\base.py", line 674, in __init__
    self.__connect()
  File "C:\Users\carlos.alemany\OneDrive - civica-soft.com\Documentos\Proyectos\Servihabitat\dbt\svhenv\lib\site-packages\sqlalchemy\pool\base.py", line 900, in __connect
    with util.safe_reraise():
  File "C:\Users\carlos.alemany\OneDrive - civica-soft.com\Documentos\Proyectos\Servihabitat\dbt\svhenv\lib\site-packages\sqlalchemy\util\langhelpers.py", line 146, in __exit__
    raise exc_value.with_traceback(exc_tb)
  File "C:\Users\carlos.alemany\OneDrive - civica-soft.com\Documentos\Proyectos\Servihabitat\dbt\svhenv\lib\site-packages\sqlalchemy\pool\base.py", line 896, in __connect
    self.dbapi_connection = connection = pool._invoke_creator(self)
  File "C:\Users\carlos.alemany\OneDrive - civica-soft.com\Documentos\Proyectos\Servihabitat\dbt\svhenv\lib\site-packages\sqlalchemy\engine\create.py", line 643, in connect
    return dialect.connect(*cargs, **cparams)
  File "C:\Users\carlos.alemany\OneDrive - civica-soft.com\Documentos\Proyectos\Servihabitat\dbt\svhenv\lib\site-packages\sqlalchemy\engine\default.py", line 621, in connect
    return self.loaded_dbapi.connect(*cargs, **cparams)
sqlalchemy.exc.OperationalError: (pyodbc.OperationalError) ('08001', '[08001] [Microsoft][ODBC Driver 17 for SQL Server]Proveedor de canalizaciones con nombre: No se pudo abrir una conexión con SQL Server [53].  (53) (SQLDriverConnect); [08001] [Microsoft][ODBC Driver 17 for SQL Server]Ha finalizado el tiempo de espera de inicio de sesión (0); [08001] [Microsoft][ODBC Driver 17 for SQL Server]Atributo de cadena de conexión no válido (0); [08001] [Microsoft][ODBC Driver 17 for SQL Server]Error relacionado con la red o específico de instancia al establecer conexión con el servidor SQL Server. El servidor no se encuentra o no está accesible. Compruebe si el nombre de la instancia es correcto y si SQL Server está configurado para permitir conexiones remotas. Para obtener más información, vea los Libros en pantalla de SQL Server. (53)')
(Background on this error at: https://sqlalche.me/e/20/e3q8)
2025-03-04 14:54:35,303 - helper_functions - ERROR - Error recharging user list: (pyodbc.OperationalError) ('08001', '[08001] [Microsoft][ODBC Driver 17 for SQL Server]Proveedor de canalizaciones con nombre: No se pudo abrir una conexión con SQL Server [53].  (53) (SQLDriverConnect); [08001] [Microsoft][ODBC Driver 17 for SQL Server]Ha finalizado el tiempo de espera de inicio de sesión (0); [08001] [Microsoft][ODBC Driver 17 for SQL Server]Atributo de cadena de conexión no válido (0); [08001] [Microsoft][ODBC Driver 17 for SQL Server]Error relacionado con la red o específico de instancia al establecer conexión con el servidor SQL Server. El servidor no se encuentra o no está accesible. Compruebe si el nombre de la instancia es correcto y si SQL Server está configurado para permitir conexiones remotas. Para obtener más información, vea los Libros en pantalla de SQL Server. (53)')
(Background on this error at: https://sqlalche.me/e/20/e3q8)
Traceback (most recent call last):
  File "C:\Users\carlos.alemany\OneDrive - civica-soft.com\Documentos\Proyectos\Servihabitat\dbt\svhenv\lib\site-packages\sqlalchemy\engine\base.py", line 146, in __init__
    self._dbapi_connection = engine.raw_connection()
  File "C:\Users\carlos.alemany\OneDrive - civica-soft.com\Documentos\Proyectos\Servihabitat\dbt\svhenv\lib\site-packages\sqlalchemy\engine\base.py", line 3302, in raw_connection
    return self.pool.connect()
  File "C:\Users\carlos.alemany\OneDrive - civica-soft.com\Documentos\Proyectos\Servihabitat\dbt\svhenv\lib\site-packages\sqlalchemy\pool\base.py", line 449, in connect
    return _ConnectionFairy._checkout(self)
  File "C:\Users\carlos.alemany\OneDrive - civica-soft.com\Documentos\Proyectos\Servihabitat\dbt\svhenv\lib\site-packages\sqlalchemy\pool\base.py", line 1263, in _checkout
    fairy = _ConnectionRecord.checkout(pool)
  File "C:\Users\carlos.alemany\OneDrive - civica-soft.com\Documentos\Proyectos\Servihabitat\dbt\svhenv\lib\site-packages\sqlalchemy\pool\base.py", line 712, in checkout
    rec = pool._do_get()
  File "C:\Users\carlos.alemany\OneDrive - civica-soft.com\Documentos\Proyectos\Servihabitat\dbt\svhenv\lib\site-packages\sqlalchemy\pool\impl.py", line 179, in _do_get
    with util.safe_reraise():
  File "C:\Users\carlos.alemany\OneDrive - civica-soft.com\Documentos\Proyectos\Servihabitat\dbt\svhenv\lib\site-packages\sqlalchemy\util\langhelpers.py", line 146, in __exit__
    raise exc_value.with_traceback(exc_tb)
  File "C:\Users\carlos.alemany\OneDrive - civica-soft.com\Documentos\Proyectos\Servihabitat\dbt\svhenv\lib\site-packages\sqlalchemy\pool\impl.py", line 177, in _do_get
    return self._create_connection()
  File "C:\Users\carlos.alemany\OneDrive - civica-soft.com\Documentos\Proyectos\Servihabitat\dbt\svhenv\lib\site-packages\sqlalchemy\pool\base.py", line 390, in _create_connection
    return _ConnectionRecord(self)
  File "C:\Users\carlos.alemany\OneDrive - civica-soft.com\Documentos\Proyectos\Servihabitat\dbt\svhenv\lib\site-packages\sqlalchemy\pool\base.py", line 674, in __init__
    self.__connect()
  File "C:\Users\carlos.alemany\OneDrive - civica-soft.com\Documentos\Proyectos\Servihabitat\dbt\svhenv\lib\site-packages\sqlalchemy\pool\base.py", line 900, in __connect
    with util.safe_reraise():
  File "C:\Users\carlos.alemany\OneDrive - civica-soft.com\Documentos\Proyectos\Servihabitat\dbt\svhenv\lib\site-packages\sqlalchemy\util\langhelpers.py", line 146, in __exit__
    raise exc_value.with_traceback(exc_tb)
  File "C:\Users\carlos.alemany\OneDrive - civica-soft.com\Documentos\Proyectos\Servihabitat\dbt\svhenv\lib\site-packages\sqlalchemy\pool\base.py", line 896, in __connect
    self.dbapi_connection = connection = pool._invoke_creator(self)
  File "C:\Users\carlos.alemany\OneDrive - civica-soft.com\Documentos\Proyectos\Servihabitat\dbt\svhenv\lib\site-packages\sqlalchemy\engine\create.py", line 643, in connect
    return dialect.connect(*cargs, **cparams)
  File "C:\Users\carlos.alemany\OneDrive - civica-soft.com\Documentos\Proyectos\Servihabitat\dbt\svhenv\lib\site-packages\sqlalchemy\engine\default.py", line 621, in connect
    return self.loaded_dbapi.connect(*cargs, **cparams)
pyodbc.OperationalError: ('08001', '[08001] [Microsoft][ODBC Driver 17 for SQL Server]Proveedor de canalizaciones con nombre: No se pudo abrir una conexión con SQL Server [53].  (53) (SQLDriverConnect); [08001] [Microsoft][ODBC Driver 17 for SQL Server]Ha finalizado el tiempo de espera de inicio de sesión (0); [08001] [Microsoft][ODBC Driver 17 for SQL Server]Atributo de cadena de conexión no válido (0); [08001] [Microsoft][ODBC Driver 17 for SQL Server]Error relacionado con la red o específico de instancia al establecer conexión con el servidor SQL Server. El servidor no se encuentra o no está accesible. Compruebe si el nombre de la instancia es correcto y si SQL Server está configurado para permitir conexiones remotas. Para obtener más información, vea los Libros en pantalla de SQL Server. (53)')

The above exception was the direct cause of the following exception:

Traceback (most recent call last):
  File "C:\Users\carlos.alemany\OneDrive - civica-soft.com\Documentos\new especialidades\especialidades-app\helper_functions.py", line 28, in recharge_user_list
    with conn.connect() as connection:
  File "C:\Users\carlos.alemany\OneDrive - civica-soft.com\Documentos\Proyectos\Servihabitat\dbt\svhenv\lib\site-packages\sqlalchemy\engine\base.py", line 3278, in connect
    return self._connection_cls(self)
  File "C:\Users\carlos.alemany\OneDrive - civica-soft.com\Documentos\Proyectos\Servihabitat\dbt\svhenv\lib\site-packages\sqlalchemy\engine\base.py", line 148, in __init__
    Connection._handle_dbapi_exception_noconnection(
  File "C:\Users\carlos.alemany\OneDrive - civica-soft.com\Documentos\Proyectos\Servihabitat\dbt\svhenv\lib\site-packages\sqlalchemy\engine\base.py", line 2442, in _handle_dbapi_exception_noconnection
    raise sqlalchemy_exception.with_traceback(exc_info[2]) from e
  File "C:\Users\carlos.alemany\OneDrive - civica-soft.com\Documentos\Proyectos\Servihabitat\dbt\svhenv\lib\site-packages\sqlalchemy\engine\base.py", line 146, in __init__
    self._dbapi_connection = engine.raw_connection()
  File "C:\Users\carlos.alemany\OneDrive - civica-soft.com\Documentos\Proyectos\Servihabitat\dbt\svhenv\lib\site-packages\sqlalchemy\engine\base.py", line 3302, in raw_connection
    return self.pool.connect()
  File "C:\Users\carlos.alemany\OneDrive - civica-soft.com\Documentos\Proyectos\Servihabitat\dbt\svhenv\lib\site-packages\sqlalchemy\pool\base.py", line 449, in connect
    return _ConnectionFairy._checkout(self)
  File "C:\Users\carlos.alemany\OneDrive - civica-soft.com\Documentos\Proyectos\Servihabitat\dbt\svhenv\lib\site-packages\sqlalchemy\pool\base.py", line 1263, in _checkout
    fairy = _ConnectionRecord.checkout(pool)
  File "C:\Users\carlos.alemany\OneDrive - civica-soft.com\Documentos\Proyectos\Servihabitat\dbt\svhenv\lib\site-packages\sqlalchemy\pool\base.py", line 712, in checkout
    rec = pool._do_get()
  File "C:\Users\carlos.alemany\OneDrive - civica-soft.com\Documentos\Proyectos\Servihabitat\dbt\svhenv\lib\site-packages\sqlalchemy\pool\impl.py", line 179, in _do_get
    with util.safe_reraise():
  File "C:\Users\carlos.alemany\OneDrive - civica-soft.com\Documentos\Proyectos\Servihabitat\dbt\svhenv\lib\site-packages\sqlalchemy\util\langhelpers.py", line 146, in __exit__
    raise exc_value.with_traceback(exc_tb)
  File "C:\Users\carlos.alemany\OneDrive - civica-soft.com\Documentos\Proyectos\Servihabitat\dbt\svhenv\lib\site-packages\sqlalchemy\pool\impl.py", line 177, in _do_get
    return self._create_connection()
  File "C:\Users\carlos.alemany\OneDrive - civica-soft.com\Documentos\Proyectos\Servihabitat\dbt\svhenv\lib\site-packages\sqlalchemy\pool\base.py", line 390, in _create_connection
    return _ConnectionRecord(self)
  File "C:\Users\carlos.alemany\OneDrive - civica-soft.com\Documentos\Proyectos\Servihabitat\dbt\svhenv\lib\site-packages\sqlalchemy\pool\base.py", line 674, in __init__
    self.__connect()
  File "C:\Users\carlos.alemany\OneDrive - civica-soft.com\Documentos\Proyectos\Servihabitat\dbt\svhenv\lib\site-packages\sqlalchemy\pool\base.py", line 900, in __connect
    with util.safe_reraise():
  File "C:\Users\carlos.alemany\OneDrive - civica-soft.com\Documentos\Proyectos\Servihabitat\dbt\svhenv\lib\site-packages\sqlalchemy\util\langhelpers.py", line 146, in __exit__
    raise exc_value.with_traceback(exc_tb)
  File "C:\Users\carlos.alemany\OneDrive - civica-soft.com\Documentos\Proyectos\Servihabitat\dbt\svhenv\lib\site-packages\sqlalchemy\pool\base.py", line 896, in __connect
    self.dbapi_connection = connection = pool._invoke_creator(self)
  File "C:\Users\carlos.alemany\OneDrive - civica-soft.com\Documentos\Proyectos\Servihabitat\dbt\svhenv\lib\site-packages\sqlalchemy\engine\create.py", line 643, in connect
    return dialect.connect(*cargs, **cparams)
  File "C:\Users\carlos.alemany\OneDrive - civica-soft.com\Documentos\Proyectos\Servihabitat\dbt\svhenv\lib\site-packages\sqlalchemy\engine\default.py", line 621, in connect
    return self.loaded_dbapi.connect(*cargs, **cparams)
sqlalchemy.exc.OperationalError: (pyodbc.OperationalError) ('08001', '[08001] [Microsoft][ODBC Driver 17 for SQL Server]Proveedor de canalizaciones con nombre: No se pudo abrir una conexión con SQL Server [53].  (53) (SQLDriverConnect); [08001] [Microsoft][ODBC Driver 17 for SQL Server]Ha finalizado el tiempo de espera de inicio de sesión (0); [08001] [Microsoft][ODBC Driver 17 for SQL Server]Atributo de cadena de conexión no válido (0); [08001] [Microsoft][ODBC Driver 17 for SQL Server]Error relacionado con la red o específico de instancia al establecer conexión con el servidor SQL Server. El servidor no se encuentra o no está accesible. Compruebe si el nombre de la instancia es correcto y si SQL Server está configurado para permitir conexiones remotas. Para obtener más información, vea los Libros en pantalla de SQL Server. (53)')
(Background on this error at: https://sqlalche.me/e/20/e3q8)
2025-03-04 14:54:44,674 - helper_functions - ERROR - Error recharging user list: (pyodbc.OperationalError) ('08001', '[08001] [Microsoft][ODBC Driver 17 for SQL Server]Proveedor de canalizaciones con nombre: No se pudo abrir una conexión con SQL Server [53].  (53) (SQLDriverConnect); [08001] [Microsoft][ODBC Driver 17 for SQL Server]Ha finalizado el tiempo de espera de inicio de sesión (0); [08001] [Microsoft][ODBC Driver 17 for SQL Server]Atributo de cadena de conexión no válido (0); [08001] [Microsoft][ODBC Driver 17 for SQL Server]Error relacionado con la red o específico de instancia al establecer conexión con el servidor SQL Server. El servidor no se encuentra o no está accesible. Compruebe si el nombre de la instancia es correcto y si SQL Server está configurado para permitir conexiones remotas. Para obtener más información, vea los Libros en pantalla de SQL Server. (53)')
(Background on this error at: https://sqlalche.me/e/20/e3q8)
Traceback (most recent call last):
  File "C:\Users\carlos.alemany\OneDrive - civica-soft.com\Documentos\Proyectos\Servihabitat\dbt\svhenv\lib\site-packages\sqlalchemy\engine\base.py", line 146, in __init__
    self._dbapi_connection = engine.raw_connection()
  File "C:\Users\carlos.alemany\OneDrive - civica-soft.com\Documentos\Proyectos\Servihabitat\dbt\svhenv\lib\site-packages\sqlalchemy\engine\base.py", line 3302, in raw_connection
    return self.pool.connect()
  File "C:\Users\carlos.alemany\OneDrive - civica-soft.com\Documentos\Proyectos\Servihabitat\dbt\svhenv\lib\site-packages\sqlalchemy\pool\base.py", line 449, in connect
    return _ConnectionFairy._checkout(self)
  File "C:\Users\carlos.alemany\OneDrive - civica-soft.com\Documentos\Proyectos\Servihabitat\dbt\svhenv\lib\site-packages\sqlalchemy\pool\base.py", line 1263, in _checkout
    fairy = _ConnectionRecord.checkout(pool)
  File "C:\Users\carlos.alemany\OneDrive - civica-soft.com\Documentos\Proyectos\Servihabitat\dbt\svhenv\lib\site-packages\sqlalchemy\pool\base.py", line 712, in checkout
    rec = pool._do_get()
  File "C:\Users\carlos.alemany\OneDrive - civica-soft.com\Documentos\Proyectos\Servihabitat\dbt\svhenv\lib\site-packages\sqlalchemy\pool\impl.py", line 179, in _do_get
    with util.safe_reraise():
  File "C:\Users\carlos.alemany\OneDrive - civica-soft.com\Documentos\Proyectos\Servihabitat\dbt\svhenv\lib\site-packages\sqlalchemy\util\langhelpers.py", line 146, in __exit__
    raise exc_value.with_traceback(exc_tb)
  File "C:\Users\carlos.alemany\OneDrive - civica-soft.com\Documentos\Proyectos\Servihabitat\dbt\svhenv\lib\site-packages\sqlalchemy\pool\impl.py", line 177, in _do_get
    return self._create_connection()
  File "C:\Users\carlos.alemany\OneDrive - civica-soft.com\Documentos\Proyectos\Servihabitat\dbt\svhenv\lib\site-packages\sqlalchemy\pool\base.py", line 390, in _create_connection
    return _ConnectionRecord(self)
  File "C:\Users\carlos.alemany\OneDrive - civica-soft.com\Documentos\Proyectos\Servihabitat\dbt\svhenv\lib\site-packages\sqlalchemy\pool\base.py", line 674, in __init__
    self.__connect()
  File "C:\Users\carlos.alemany\OneDrive - civica-soft.com\Documentos\Proyectos\Servihabitat\dbt\svhenv\lib\site-packages\sqlalchemy\pool\base.py", line 900, in __connect
    with util.safe_reraise():
  File "C:\Users\carlos.alemany\OneDrive - civica-soft.com\Documentos\Proyectos\Servihabitat\dbt\svhenv\lib\site-packages\sqlalchemy\util\langhelpers.py", line 146, in __exit__
    raise exc_value.with_traceback(exc_tb)
  File "C:\Users\carlos.alemany\OneDrive - civica-soft.com\Documentos\Proyectos\Servihabitat\dbt\svhenv\lib\site-packages\sqlalchemy\pool\base.py", line 896, in __connect
    self.dbapi_connection = connection = pool._invoke_creator(self)
  File "C:\Users\carlos.alemany\OneDrive - civica-soft.com\Documentos\Proyectos\Servihabitat\dbt\svhenv\lib\site-packages\sqlalchemy\engine\create.py", line 643, in connect
    return dialect.connect(*cargs, **cparams)
  File "C:\Users\carlos.alemany\OneDrive - civica-soft.com\Documentos\Proyectos\Servihabitat\dbt\svhenv\lib\site-packages\sqlalchemy\engine\default.py", line 621, in connect
    return self.loaded_dbapi.connect(*cargs, **cparams)
pyodbc.OperationalError: ('08001', '[08001] [Microsoft][ODBC Driver 17 for SQL Server]Proveedor de canalizaciones con nombre: No se pudo abrir una conexión con SQL Server [53].  (53) (SQLDriverConnect); [08001] [Microsoft][ODBC Driver 17 for SQL Server]Ha finalizado el tiempo de espera de inicio de sesión (0); [08001] [Microsoft][ODBC Driver 17 for SQL Server]Atributo de cadena de conexión no válido (0); [08001] [Microsoft][ODBC Driver 17 for SQL Server]Error relacionado con la red o específico de instancia al establecer conexión con el servidor SQL Server. El servidor no se encuentra o no está accesible. Compruebe si el nombre de la instancia es correcto y si SQL Server está configurado para permitir conexiones remotas. Para obtener más información, vea los Libros en pantalla de SQL Server. (53)')

The above exception was the direct cause of the following exception:

Traceback (most recent call last):
  File "C:\Users\carlos.alemany\OneDrive - civica-soft.com\Documentos\new especialidades\especialidades-app\helper_functions.py", line 28, in recharge_user_list
    with conn.connect() as connection:
  File "C:\Users\carlos.alemany\OneDrive - civica-soft.com\Documentos\Proyectos\Servihabitat\dbt\svhenv\lib\site-packages\sqlalchemy\engine\base.py", line 3278, in connect
    return self._connection_cls(self)
  File "C:\Users\carlos.alemany\OneDrive - civica-soft.com\Documentos\Proyectos\Servihabitat\dbt\svhenv\lib\site-packages\sqlalchemy\engine\base.py", line 148, in __init__
    Connection._handle_dbapi_exception_noconnection(
  File "C:\Users\carlos.alemany\OneDrive - civica-soft.com\Documentos\Proyectos\Servihabitat\dbt\svhenv\lib\site-packages\sqlalchemy\engine\base.py", line 2442, in _handle_dbapi_exception_noconnection
    raise sqlalchemy_exception.with_traceback(exc_info[2]) from e
  File "C:\Users\carlos.alemany\OneDrive - civica-soft.com\Documentos\Proyectos\Servihabitat\dbt\svhenv\lib\site-packages\sqlalchemy\engine\base.py", line 146, in __init__
    self._dbapi_connection = engine.raw_connection()
  File "C:\Users\carlos.alemany\OneDrive - civica-soft.com\Documentos\Proyectos\Servihabitat\dbt\svhenv\lib\site-packages\sqlalchemy\engine\base.py", line 3302, in raw_connection
    return self.pool.connect()
  File "C:\Users\carlos.alemany\OneDrive - civica-soft.com\Documentos\Proyectos\Servihabitat\dbt\svhenv\lib\site-packages\sqlalchemy\pool\base.py", line 449, in connect
    return _ConnectionFairy._checkout(self)
  File "C:\Users\carlos.alemany\OneDrive - civica-soft.com\Documentos\Proyectos\Servihabitat\dbt\svhenv\lib\site-packages\sqlalchemy\pool\base.py", line 1263, in _checkout
    fairy = _ConnectionRecord.checkout(pool)
  File "C:\Users\carlos.alemany\OneDrive - civica-soft.com\Documentos\Proyectos\Servihabitat\dbt\svhenv\lib\site-packages\sqlalchemy\pool\base.py", line 712, in checkout
    rec = pool._do_get()
  File "C:\Users\carlos.alemany\OneDrive - civica-soft.com\Documentos\Proyectos\Servihabitat\dbt\svhenv\lib\site-packages\sqlalchemy\pool\impl.py", line 179, in _do_get
    with util.safe_reraise():
  File "C:\Users\carlos.alemany\OneDrive - civica-soft.com\Documentos\Proyectos\Servihabitat\dbt\svhenv\lib\site-packages\sqlalchemy\util\langhelpers.py", line 146, in __exit__
    raise exc_value.with_traceback(exc_tb)
  File "C:\Users\carlos.alemany\OneDrive - civica-soft.com\Documentos\Proyectos\Servihabitat\dbt\svhenv\lib\site-packages\sqlalchemy\pool\impl.py", line 177, in _do_get
    return self._create_connection()
  File "C:\Users\carlos.alemany\OneDrive - civica-soft.com\Documentos\Proyectos\Servihabitat\dbt\svhenv\lib\site-packages\sqlalchemy\pool\base.py", line 390, in _create_connection
    return _ConnectionRecord(self)
  File "C:\Users\carlos.alemany\OneDrive - civica-soft.com\Documentos\Proyectos\Servihabitat\dbt\svhenv\lib\site-packages\sqlalchemy\pool\base.py", line 674, in __init__
    self.__connect()
  File "C:\Users\carlos.alemany\OneDrive - civica-soft.com\Documentos\Proyectos\Servihabitat\dbt\svhenv\lib\site-packages\sqlalchemy\pool\base.py", line 900, in __connect
    with util.safe_reraise():
  File "C:\Users\carlos.alemany\OneDrive - civica-soft.com\Documentos\Proyectos\Servihabitat\dbt\svhenv\lib\site-packages\sqlalchemy\util\langhelpers.py", line 146, in __exit__
    raise exc_value.with_traceback(exc_tb)
  File "C:\Users\carlos.alemany\OneDrive - civica-soft.com\Documentos\Proyectos\Servihabitat\dbt\svhenv\lib\site-packages\sqlalchemy\pool\base.py", line 896, in __connect
    self.dbapi_connection = connection = pool._invoke_creator(self)
  File "C:\Users\carlos.alemany\OneDrive - civica-soft.com\Documentos\Proyectos\Servihabitat\dbt\svhenv\lib\site-packages\sqlalchemy\engine\create.py", line 643, in connect
    return dialect.connect(*cargs, **cparams)
  File "C:\Users\carlos.alemany\OneDrive - civica-soft.com\Documentos\Proyectos\Servihabitat\dbt\svhenv\lib\site-packages\sqlalchemy\engine\default.py", line 621, in connect
    return self.loaded_dbapi.connect(*cargs, **cparams)
sqlalchemy.exc.OperationalError: (pyodbc.OperationalError) ('08001', '[08001] [Microsoft][ODBC Driver 17 for SQL Server]Proveedor de canalizaciones con nombre: No se pudo abrir una conexión con SQL Server [53].  (53) (SQLDriverConnect); [08001] [Microsoft][ODBC Driver 17 for SQL Server]Ha finalizado el tiempo de espera de inicio de sesión (0); [08001] [Microsoft][ODBC Driver 17 for SQL Server]Atributo de cadena de conexión no válido (0); [08001] [Microsoft][ODBC Driver 17 for SQL Server]Error relacionado con la red o específico de instancia al establecer conexión con el servidor SQL Server. El servidor no se encuentra o no está accesible. Compruebe si el nombre de la instancia es correcto y si SQL Server está configurado para permitir conexiones remotas. Para obtener más información, vea los Libros en pantalla de SQL Server. (53)')
(Background on this error at: https://sqlalche.me/e/20/e3q8)
2025-03-04 14:54:59,713 - helper_functions - ERROR - Error recharging user list: (pyodbc.OperationalError) ('08001', '[08001] [Microsoft][ODBC Driver 17 for SQL Server]Proveedor de canalizaciones con nombre: No se pudo abrir una conexión con SQL Server [53].  (53) (SQLDriverConnect); [08001] [Microsoft][ODBC Driver 17 for SQL Server]Ha finalizado el tiempo de espera de inicio de sesión (0); [08001] [Microsoft][ODBC Driver 17 for SQL Server]Atributo de cadena de conexión no válido (0); [08001] [Microsoft][ODBC Driver 17 for SQL Server]Error relacionado con la red o específico de instancia al establecer conexión con el servidor SQL Server. El servidor no se encuentra o no está accesible. Compruebe si el nombre de la instancia es correcto y si SQL Server está configurado para permitir conexiones remotas. Para obtener más información, vea los Libros en pantalla de SQL Server. (53)')
(Background on this error at: https://sqlalche.me/e/20/e3q8)
Traceback (most recent call last):
  File "C:\Users\carlos.alemany\OneDrive - civica-soft.com\Documentos\Proyectos\Servihabitat\dbt\svhenv\lib\site-packages\sqlalchemy\engine\base.py", line 146, in __init__
    self._dbapi_connection = engine.raw_connection()
  File "C:\Users\carlos.alemany\OneDrive - civica-soft.com\Documentos\Proyectos\Servihabitat\dbt\svhenv\lib\site-packages\sqlalchemy\engine\base.py", line 3302, in raw_connection
    return self.pool.connect()
  File "C:\Users\carlos.alemany\OneDrive - civica-soft.com\Documentos\Proyectos\Servihabitat\dbt\svhenv\lib\site-packages\sqlalchemy\pool\base.py", line 449, in connect
    return _ConnectionFairy._checkout(self)
  File "C:\Users\carlos.alemany\OneDrive - civica-soft.com\Documentos\Proyectos\Servihabitat\dbt\svhenv\lib\site-packages\sqlalchemy\pool\base.py", line 1263, in _checkout
    fairy = _ConnectionRecord.checkout(pool)
  File "C:\Users\carlos.alemany\OneDrive - civica-soft.com\Documentos\Proyectos\Servihabitat\dbt\svhenv\lib\site-packages\sqlalchemy\pool\base.py", line 712, in checkout
    rec = pool._do_get()
  File "C:\Users\carlos.alemany\OneDrive - civica-soft.com\Documentos\Proyectos\Servihabitat\dbt\svhenv\lib\site-packages\sqlalchemy\pool\impl.py", line 179, in _do_get
    with util.safe_reraise():
  File "C:\Users\carlos.alemany\OneDrive - civica-soft.com\Documentos\Proyectos\Servihabitat\dbt\svhenv\lib\site-packages\sqlalchemy\util\langhelpers.py", line 146, in __exit__
    raise exc_value.with_traceback(exc_tb)
  File "C:\Users\carlos.alemany\OneDrive - civica-soft.com\Documentos\Proyectos\Servihabitat\dbt\svhenv\lib\site-packages\sqlalchemy\pool\impl.py", line 177, in _do_get
    return self._create_connection()
  File "C:\Users\carlos.alemany\OneDrive - civica-soft.com\Documentos\Proyectos\Servihabitat\dbt\svhenv\lib\site-packages\sqlalchemy\pool\base.py", line 390, in _create_connection
    return _ConnectionRecord(self)
  File "C:\Users\carlos.alemany\OneDrive - civica-soft.com\Documentos\Proyectos\Servihabitat\dbt\svhenv\lib\site-packages\sqlalchemy\pool\base.py", line 674, in __init__
    self.__connect()
  File "C:\Users\carlos.alemany\OneDrive - civica-soft.com\Documentos\Proyectos\Servihabitat\dbt\svhenv\lib\site-packages\sqlalchemy\pool\base.py", line 900, in __connect
    with util.safe_reraise():
  File "C:\Users\carlos.alemany\OneDrive - civica-soft.com\Documentos\Proyectos\Servihabitat\dbt\svhenv\lib\site-packages\sqlalchemy\util\langhelpers.py", line 146, in __exit__
    raise exc_value.with_traceback(exc_tb)
  File "C:\Users\carlos.alemany\OneDrive - civica-soft.com\Documentos\Proyectos\Servihabitat\dbt\svhenv\lib\site-packages\sqlalchemy\pool\base.py", line 896, in __connect
    self.dbapi_connection = connection = pool._invoke_creator(self)
  File "C:\Users\carlos.alemany\OneDrive - civica-soft.com\Documentos\Proyectos\Servihabitat\dbt\svhenv\lib\site-packages\sqlalchemy\engine\create.py", line 643, in connect
    return dialect.connect(*cargs, **cparams)
  File "C:\Users\carlos.alemany\OneDrive - civica-soft.com\Documentos\Proyectos\Servihabitat\dbt\svhenv\lib\site-packages\sqlalchemy\engine\default.py", line 621, in connect
    return self.loaded_dbapi.connect(*cargs, **cparams)
pyodbc.OperationalError: ('08001', '[08001] [Microsoft][ODBC Driver 17 for SQL Server]Proveedor de canalizaciones con nombre: No se pudo abrir una conexión con SQL Server [53].  (53) (SQLDriverConnect); [08001] [Microsoft][ODBC Driver 17 for SQL Server]Ha finalizado el tiempo de espera de inicio de sesión (0); [08001] [Microsoft][ODBC Driver 17 for SQL Server]Atributo de cadena de conexión no válido (0); [08001] [Microsoft][ODBC Driver 17 for SQL Server]Error relacionado con la red o específico de instancia al establecer conexión con el servidor SQL Server. El servidor no se encuentra o no está accesible. Compruebe si el nombre de la instancia es correcto y si SQL Server está configurado para permitir conexiones remotas. Para obtener más información, vea los Libros en pantalla de SQL Server. (53)')

The above exception was the direct cause of the following exception:

Traceback (most recent call last):
  File "C:\Users\carlos.alemany\OneDrive - civica-soft.com\Documentos\new especialidades\especialidades-app\helper_functions.py", line 28, in recharge_user_list
    with conn.connect() as connection:
  File "C:\Users\carlos.alemany\OneDrive - civica-soft.com\Documentos\Proyectos\Servihabitat\dbt\svhenv\lib\site-packages\sqlalchemy\engine\base.py", line 3278, in connect
    return self._connection_cls(self)
  File "C:\Users\carlos.alemany\OneDrive - civica-soft.com\Documentos\Proyectos\Servihabitat\dbt\svhenv\lib\site-packages\sqlalchemy\engine\base.py", line 148, in __init__
    Connection._handle_dbapi_exception_noconnection(
  File "C:\Users\carlos.alemany\OneDrive - civica-soft.com\Documentos\Proyectos\Servihabitat\dbt\svhenv\lib\site-packages\sqlalchemy\engine\base.py", line 2442, in _handle_dbapi_exception_noconnection
    raise sqlalchemy_exception.with_traceback(exc_info[2]) from e
  File "C:\Users\carlos.alemany\OneDrive - civica-soft.com\Documentos\Proyectos\Servihabitat\dbt\svhenv\lib\site-packages\sqlalchemy\engine\base.py", line 146, in __init__
    self._dbapi_connection = engine.raw_connection()
  File "C:\Users\carlos.alemany\OneDrive - civica-soft.com\Documentos\Proyectos\Servihabitat\dbt\svhenv\lib\site-packages\sqlalchemy\engine\base.py", line 3302, in raw_connection
    return self.pool.connect()
  File "C:\Users\carlos.alemany\OneDrive - civica-soft.com\Documentos\Proyectos\Servihabitat\dbt\svhenv\lib\site-packages\sqlalchemy\pool\base.py", line 449, in connect
    return _ConnectionFairy._checkout(self)
  File "C:\Users\carlos.alemany\OneDrive - civica-soft.com\Documentos\Proyectos\Servihabitat\dbt\svhenv\lib\site-packages\sqlalchemy\pool\base.py", line 1263, in _checkout
    fairy = _ConnectionRecord.checkout(pool)
  File "C:\Users\carlos.alemany\OneDrive - civica-soft.com\Documentos\Proyectos\Servihabitat\dbt\svhenv\lib\site-packages\sqlalchemy\pool\base.py", line 712, in checkout
    rec = pool._do_get()
  File "C:\Users\carlos.alemany\OneDrive - civica-soft.com\Documentos\Proyectos\Servihabitat\dbt\svhenv\lib\site-packages\sqlalchemy\pool\impl.py", line 179, in _do_get
    with util.safe_reraise():
  File "C:\Users\carlos.alemany\OneDrive - civica-soft.com\Documentos\Proyectos\Servihabitat\dbt\svhenv\lib\site-packages\sqlalchemy\util\langhelpers.py", line 146, in __exit__
    raise exc_value.with_traceback(exc_tb)
  File "C:\Users\carlos.alemany\OneDrive - civica-soft.com\Documentos\Proyectos\Servihabitat\dbt\svhenv\lib\site-packages\sqlalchemy\pool\impl.py", line 177, in _do_get
    return self._create_connection()
  File "C:\Users\carlos.alemany\OneDrive - civica-soft.com\Documentos\Proyectos\Servihabitat\dbt\svhenv\lib\site-packages\sqlalchemy\pool\base.py", line 390, in _create_connection
    return _ConnectionRecord(self)
  File "C:\Users\carlos.alemany\OneDrive - civica-soft.com\Documentos\Proyectos\Servihabitat\dbt\svhenv\lib\site-packages\sqlalchemy\pool\base.py", line 674, in __init__
    self.__connect()
  File "C:\Users\carlos.alemany\OneDrive - civica-soft.com\Documentos\Proyectos\Servihabitat\dbt\svhenv\lib\site-packages\sqlalchemy\pool\base.py", line 900, in __connect
    with util.safe_reraise():
  File "C:\Users\carlos.alemany\OneDrive - civica-soft.com\Documentos\Proyectos\Servihabitat\dbt\svhenv\lib\site-packages\sqlalchemy\util\langhelpers.py", line 146, in __exit__
    raise exc_value.with_traceback(exc_tb)
  File "C:\Users\carlos.alemany\OneDrive - civica-soft.com\Documentos\Proyectos\Servihabitat\dbt\svhenv\lib\site-packages\sqlalchemy\pool\base.py", line 896, in __connect
    self.dbapi_connection = connection = pool._invoke_creator(self)
  File "C:\Users\carlos.alemany\OneDrive - civica-soft.com\Documentos\Proyectos\Servihabitat\dbt\svhenv\lib\site-packages\sqlalchemy\engine\create.py", line 643, in connect
    return dialect.connect(*cargs, **cparams)
  File "C:\Users\carlos.alemany\OneDrive - civica-soft.com\Documentos\Proyectos\Servihabitat\dbt\svhenv\lib\site-packages\sqlalchemy\engine\default.py", line 621, in connect
    return self.loaded_dbapi.connect(*cargs, **cparams)
sqlalchemy.exc.OperationalError: (pyodbc.OperationalError) ('08001', '[08001] [Microsoft][ODBC Driver 17 for SQL Server]Proveedor de canalizaciones con nombre: No se pudo abrir una conexión con SQL Server [53].  (53) (SQLDriverConnect); [08001] [Microsoft][ODBC Driver 17 for SQL Server]Ha finalizado el tiempo de espera de inicio de sesión (0); [08001] [Microsoft][ODBC Driver 17 for SQL Server]Atributo de cadena de conexión no válido (0); [08001] [Microsoft][ODBC Driver 17 for SQL Server]Error relacionado con la red o específico de instancia al establecer conexión con el servidor SQL Server. El servidor no se encuentra o no está accesible. Compruebe si el nombre de la instancia es correcto y si SQL Server está configurado para permitir conexiones remotas. Para obtener más información, vea los Libros en pantalla de SQL Server. (53)')
(Background on this error at: https://sqlalche.me/e/20/e3q8)
2025-03-04 14:55:07,322 - __main__ - INFO - Combined UI and performance patches applied successfully
2025-03-04 14:55:22,441 - helper_functions - ERROR - Error recharging user list: (pyodbc.OperationalError) ('08001', '[08001] [Microsoft][ODBC Driver 17 for SQL Server]Proveedor de canalizaciones con nombre: No se pudo abrir una conexión con SQL Server [53].  (53) (SQLDriverConnect); [08001] [Microsoft][ODBC Driver 17 for SQL Server]Ha finalizado el tiempo de espera de inicio de sesión (0); [08001] [Microsoft][ODBC Driver 17 for SQL Server]Atributo de cadena de conexión no válido (0); [08001] [Microsoft][ODBC Driver 17 for SQL Server]Error relacionado con la red o específico de instancia al establecer conexión con el servidor SQL Server. El servidor no se encuentra o no está accesible. Compruebe si el nombre de la instancia es correcto y si SQL Server está configurado para permitir conexiones remotas. Para obtener más información, vea los Libros en pantalla de SQL Server. (53)')
(Background on this error at: https://sqlalche.me/e/20/e3q8)
Traceback (most recent call last):
  File "C:\Users\carlos.alemany\OneDrive - civica-soft.com\Documentos\Proyectos\Servihabitat\dbt\svhenv\lib\site-packages\sqlalchemy\engine\base.py", line 146, in __init__
    self._dbapi_connection = engine.raw_connection()
  File "C:\Users\carlos.alemany\OneDrive - civica-soft.com\Documentos\Proyectos\Servihabitat\dbt\svhenv\lib\site-packages\sqlalchemy\engine\base.py", line 3302, in raw_connection
    return self.pool.connect()
  File "C:\Users\carlos.alemany\OneDrive - civica-soft.com\Documentos\Proyectos\Servihabitat\dbt\svhenv\lib\site-packages\sqlalchemy\pool\base.py", line 449, in connect
    return _ConnectionFairy._checkout(self)
  File "C:\Users\carlos.alemany\OneDrive - civica-soft.com\Documentos\Proyectos\Servihabitat\dbt\svhenv\lib\site-packages\sqlalchemy\pool\base.py", line 1263, in _checkout
    fairy = _ConnectionRecord.checkout(pool)
  File "C:\Users\carlos.alemany\OneDrive - civica-soft.com\Documentos\Proyectos\Servihabitat\dbt\svhenv\lib\site-packages\sqlalchemy\pool\base.py", line 712, in checkout
    rec = pool._do_get()
  File "C:\Users\carlos.alemany\OneDrive - civica-soft.com\Documentos\Proyectos\Servihabitat\dbt\svhenv\lib\site-packages\sqlalchemy\pool\impl.py", line 179, in _do_get
    with util.safe_reraise():
  File "C:\Users\carlos.alemany\OneDrive - civica-soft.com\Documentos\Proyectos\Servihabitat\dbt\svhenv\lib\site-packages\sqlalchemy\util\langhelpers.py", line 146, in __exit__
    raise exc_value.with_traceback(exc_tb)
  File "C:\Users\carlos.alemany\OneDrive - civica-soft.com\Documentos\Proyectos\Servihabitat\dbt\svhenv\lib\site-packages\sqlalchemy\pool\impl.py", line 177, in _do_get
    return self._create_connection()
  File "C:\Users\carlos.alemany\OneDrive - civica-soft.com\Documentos\Proyectos\Servihabitat\dbt\svhenv\lib\site-packages\sqlalchemy\pool\base.py", line 390, in _create_connection
    return _ConnectionRecord(self)
  File "C:\Users\carlos.alemany\OneDrive - civica-soft.com\Documentos\Proyectos\Servihabitat\dbt\svhenv\lib\site-packages\sqlalchemy\pool\base.py", line 674, in __init__
    self.__connect()
  File "C:\Users\carlos.alemany\OneDrive - civica-soft.com\Documentos\Proyectos\Servihabitat\dbt\svhenv\lib\site-packages\sqlalchemy\pool\base.py", line 900, in __connect
    with util.safe_reraise():
  File "C:\Users\carlos.alemany\OneDrive - civica-soft.com\Documentos\Proyectos\Servihabitat\dbt\svhenv\lib\site-packages\sqlalchemy\util\langhelpers.py", line 146, in __exit__
    raise exc_value.with_traceback(exc_tb)
  File "C:\Users\carlos.alemany\OneDrive - civica-soft.com\Documentos\Proyectos\Servihabitat\dbt\svhenv\lib\site-packages\sqlalchemy\pool\base.py", line 896, in __connect
    self.dbapi_connection = connection = pool._invoke_creator(self)
  File "C:\Users\carlos.alemany\OneDrive - civica-soft.com\Documentos\Proyectos\Servihabitat\dbt\svhenv\lib\site-packages\sqlalchemy\engine\create.py", line 643, in connect
    return dialect.connect(*cargs, **cparams)
  File "C:\Users\carlos.alemany\OneDrive - civica-soft.com\Documentos\Proyectos\Servihabitat\dbt\svhenv\lib\site-packages\sqlalchemy\engine\default.py", line 621, in connect
    return self.loaded_dbapi.connect(*cargs, **cparams)
pyodbc.OperationalError: ('08001', '[08001] [Microsoft][ODBC Driver 17 for SQL Server]Proveedor de canalizaciones con nombre: No se pudo abrir una conexión con SQL Server [53].  (53) (SQLDriverConnect); [08001] [Microsoft][ODBC Driver 17 for SQL Server]Ha finalizado el tiempo de espera de inicio de sesión (0); [08001] [Microsoft][ODBC Driver 17 for SQL Server]Atributo de cadena de conexión no válido (0); [08001] [Microsoft][ODBC Driver 17 for SQL Server]Error relacionado con la red o específico de instancia al establecer conexión con el servidor SQL Server. El servidor no se encuentra o no está accesible. Compruebe si el nombre de la instancia es correcto y si SQL Server está configurado para permitir conexiones remotas. Para obtener más información, vea los Libros en pantalla de SQL Server. (53)')

The above exception was the direct cause of the following exception:

Traceback (most recent call last):
  File "C:\Users\carlos.alemany\OneDrive - civica-soft.com\Documentos\new especialidades\especialidades-app\helper_functions.py", line 28, in recharge_user_list
    with conn.connect() as connection:
  File "C:\Users\carlos.alemany\OneDrive - civica-soft.com\Documentos\Proyectos\Servihabitat\dbt\svhenv\lib\site-packages\sqlalchemy\engine\base.py", line 3278, in connect
    return self._connection_cls(self)
  File "C:\Users\carlos.alemany\OneDrive - civica-soft.com\Documentos\Proyectos\Servihabitat\dbt\svhenv\lib\site-packages\sqlalchemy\engine\base.py", line 148, in __init__
    Connection._handle_dbapi_exception_noconnection(
  File "C:\Users\carlos.alemany\OneDrive - civica-soft.com\Documentos\Proyectos\Servihabitat\dbt\svhenv\lib\site-packages\sqlalchemy\engine\base.py", line 2442, in _handle_dbapi_exception_noconnection
    raise sqlalchemy_exception.with_traceback(exc_info[2]) from e
  File "C:\Users\carlos.alemany\OneDrive - civica-soft.com\Documentos\Proyectos\Servihabitat\dbt\svhenv\lib\site-packages\sqlalchemy\engine\base.py", line 146, in __init__
    self._dbapi_connection = engine.raw_connection()
  File "C:\Users\carlos.alemany\OneDrive - civica-soft.com\Documentos\Proyectos\Servihabitat\dbt\svhenv\lib\site-packages\sqlalchemy\engine\base.py", line 3302, in raw_connection
    return self.pool.connect()
  File "C:\Users\carlos.alemany\OneDrive - civica-soft.com\Documentos\Proyectos\Servihabitat\dbt\svhenv\lib\site-packages\sqlalchemy\pool\base.py", line 449, in connect
    return _ConnectionFairy._checkout(self)
  File "C:\Users\carlos.alemany\OneDrive - civica-soft.com\Documentos\Proyectos\Servihabitat\dbt\svhenv\lib\site-packages\sqlalchemy\pool\base.py", line 1263, in _checkout
    fairy = _ConnectionRecord.checkout(pool)
  File "C:\Users\carlos.alemany\OneDrive - civica-soft.com\Documentos\Proyectos\Servihabitat\dbt\svhenv\lib\site-packages\sqlalchemy\pool\base.py", line 712, in checkout
    rec = pool._do_get()
  File "C:\Users\carlos.alemany\OneDrive - civica-soft.com\Documentos\Proyectos\Servihabitat\dbt\svhenv\lib\site-packages\sqlalchemy\pool\impl.py", line 179, in _do_get
    with util.safe_reraise():
  File "C:\Users\carlos.alemany\OneDrive - civica-soft.com\Documentos\Proyectos\Servihabitat\dbt\svhenv\lib\site-packages\sqlalchemy\util\langhelpers.py", line 146, in __exit__
    raise exc_value.with_traceback(exc_tb)
  File "C:\Users\carlos.alemany\OneDrive - civica-soft.com\Documentos\Proyectos\Servihabitat\dbt\svhenv\lib\site-packages\sqlalchemy\pool\impl.py", line 177, in _do_get
    return self._create_connection()
  File "C:\Users\carlos.alemany\OneDrive - civica-soft.com\Documentos\Proyectos\Servihabitat\dbt\svhenv\lib\site-packages\sqlalchemy\pool\base.py", line 390, in _create_connection
    return _ConnectionRecord(self)
  File "C:\Users\carlos.alemany\OneDrive - civica-soft.com\Documentos\Proyectos\Servihabitat\dbt\svhenv\lib\site-packages\sqlalchemy\pool\base.py", line 674, in __init__
    self.__connect()
  File "C:\Users\carlos.alemany\OneDrive - civica-soft.com\Documentos\Proyectos\Servihabitat\dbt\svhenv\lib\site-packages\sqlalchemy\pool\base.py", line 900, in __connect
    with util.safe_reraise():
  File "C:\Users\carlos.alemany\OneDrive - civica-soft.com\Documentos\Proyectos\Servihabitat\dbt\svhenv\lib\site-packages\sqlalchemy\util\langhelpers.py", line 146, in __exit__
    raise exc_value.with_traceback(exc_tb)
  File "C:\Users\carlos.alemany\OneDrive - civica-soft.com\Documentos\Proyectos\Servihabitat\dbt\svhenv\lib\site-packages\sqlalchemy\pool\base.py", line 896, in __connect
    self.dbapi_connection = connection = pool._invoke_creator(self)
  File "C:\Users\carlos.alemany\OneDrive - civica-soft.com\Documentos\Proyectos\Servihabitat\dbt\svhenv\lib\site-packages\sqlalchemy\engine\create.py", line 643, in connect
    return dialect.connect(*cargs, **cparams)
  File "C:\Users\carlos.alemany\OneDrive - civica-soft.com\Documentos\Proyectos\Servihabitat\dbt\svhenv\lib\site-packages\sqlalchemy\engine\default.py", line 621, in connect
    return self.loaded_dbapi.connect(*cargs, **cparams)
sqlalchemy.exc.OperationalError: (pyodbc.OperationalError) ('08001', '[08001] [Microsoft][ODBC Driver 17 for SQL Server]Proveedor de canalizaciones con nombre: No se pudo abrir una conexión con SQL Server [53].  (53) (SQLDriverConnect); [08001] [Microsoft][ODBC Driver 17 for SQL Server]Ha finalizado el tiempo de espera de inicio de sesión (0); [08001] [Microsoft][ODBC Driver 17 for SQL Server]Atributo de cadena de conexión no válido (0); [08001] [Microsoft][ODBC Driver 17 for SQL Server]Error relacionado con la red o específico de instancia al establecer conexión con el servidor SQL Server. El servidor no se encuentra o no está accesible. Compruebe si el nombre de la instancia es correcto y si SQL Server está configurado para permitir conexiones remotas. Para obtener más información, vea los Libros en pantalla de SQL Server. (53)')
(Background on this error at: https://sqlalche.me/e/20/e3q8)
2025-03-04 14:55:29,505 - __main__ - INFO - Combined UI and performance patches applied successfully
2025-03-04 14:55:30,167 - __main__ - INFO - Combined UI and performance patches applied successfully
2025-03-04 14:55:44,628 - helper_functions - ERROR - Error recharging user list: (pyodbc.OperationalError) ('08001', '[08001] [Microsoft][ODBC Driver 17 for SQL Server]Proveedor de canalizaciones con nombre: No se pudo abrir una conexión con SQL Server [53].  (53) (SQLDriverConnect); [08001] [Microsoft][ODBC Driver 17 for SQL Server]Ha finalizado el tiempo de espera de inicio de sesión (0); [08001] [Microsoft][ODBC Driver 17 for SQL Server]Atributo de cadena de conexión no válido (0); [08001] [Microsoft][ODBC Driver 17 for SQL Server]Error relacionado con la red o específico de instancia al establecer conexión con el servidor SQL Server. El servidor no se encuentra o no está accesible. Compruebe si el nombre de la instancia es correcto y si SQL Server está configurado para permitir conexiones remotas. Para obtener más información, vea los Libros en pantalla de SQL Server. (53)')
(Background on this error at: https://sqlalche.me/e/20/e3q8)
Traceback (most recent call last):
  File "C:\Users\carlos.alemany\OneDrive - civica-soft.com\Documentos\Proyectos\Servihabitat\dbt\svhenv\lib\site-packages\sqlalchemy\engine\base.py", line 146, in __init__
    self._dbapi_connection = engine.raw_connection()
  File "C:\Users\carlos.alemany\OneDrive - civica-soft.com\Documentos\Proyectos\Servihabitat\dbt\svhenv\lib\site-packages\sqlalchemy\engine\base.py", line 3302, in raw_connection
    return self.pool.connect()
  File "C:\Users\carlos.alemany\OneDrive - civica-soft.com\Documentos\Proyectos\Servihabitat\dbt\svhenv\lib\site-packages\sqlalchemy\pool\base.py", line 449, in connect
    return _ConnectionFairy._checkout(self)
  File "C:\Users\carlos.alemany\OneDrive - civica-soft.com\Documentos\Proyectos\Servihabitat\dbt\svhenv\lib\site-packages\sqlalchemy\pool\base.py", line 1263, in _checkout
    fairy = _ConnectionRecord.checkout(pool)
  File "C:\Users\carlos.alemany\OneDrive - civica-soft.com\Documentos\Proyectos\Servihabitat\dbt\svhenv\lib\site-packages\sqlalchemy\pool\base.py", line 712, in checkout
    rec = pool._do_get()
  File "C:\Users\carlos.alemany\OneDrive - civica-soft.com\Documentos\Proyectos\Servihabitat\dbt\svhenv\lib\site-packages\sqlalchemy\pool\impl.py", line 179, in _do_get
    with util.safe_reraise():
  File "C:\Users\carlos.alemany\OneDrive - civica-soft.com\Documentos\Proyectos\Servihabitat\dbt\svhenv\lib\site-packages\sqlalchemy\util\langhelpers.py", line 146, in __exit__
    raise exc_value.with_traceback(exc_tb)
  File "C:\Users\carlos.alemany\OneDrive - civica-soft.com\Documentos\Proyectos\Servihabitat\dbt\svhenv\lib\site-packages\sqlalchemy\pool\impl.py", line 177, in _do_get
    return self._create_connection()
  File "C:\Users\carlos.alemany\OneDrive - civica-soft.com\Documentos\Proyectos\Servihabitat\dbt\svhenv\lib\site-packages\sqlalchemy\pool\base.py", line 390, in _create_connection
    return _ConnectionRecord(self)
  File "C:\Users\carlos.alemany\OneDrive - civica-soft.com\Documentos\Proyectos\Servihabitat\dbt\svhenv\lib\site-packages\sqlalchemy\pool\base.py", line 674, in __init__
    self.__connect()
  File "C:\Users\carlos.alemany\OneDrive - civica-soft.com\Documentos\Proyectos\Servihabitat\dbt\svhenv\lib\site-packages\sqlalchemy\pool\base.py", line 900, in __connect
    with util.safe_reraise():
  File "C:\Users\carlos.alemany\OneDrive - civica-soft.com\Documentos\Proyectos\Servihabitat\dbt\svhenv\lib\site-packages\sqlalchemy\util\langhelpers.py", line 146, in __exit__
    raise exc_value.with_traceback(exc_tb)
  File "C:\Users\carlos.alemany\OneDrive - civica-soft.com\Documentos\Proyectos\Servihabitat\dbt\svhenv\lib\site-packages\sqlalchemy\pool\base.py", line 896, in __connect
    self.dbapi_connection = connection = pool._invoke_creator(self)
  File "C:\Users\carlos.alemany\OneDrive - civica-soft.com\Documentos\Proyectos\Servihabitat\dbt\svhenv\lib\site-packages\sqlalchemy\engine\create.py", line 643, in connect
    return dialect.connect(*cargs, **cparams)
  File "C:\Users\carlos.alemany\OneDrive - civica-soft.com\Documentos\Proyectos\Servihabitat\dbt\svhenv\lib\site-packages\sqlalchemy\engine\default.py", line 621, in connect
    return self.loaded_dbapi.connect(*cargs, **cparams)
pyodbc.OperationalError: ('08001', '[08001] [Microsoft][ODBC Driver 17 for SQL Server]Proveedor de canalizaciones con nombre: No se pudo abrir una conexión con SQL Server [53].  (53) (SQLDriverConnect); [08001] [Microsoft][ODBC Driver 17 for SQL Server]Ha finalizado el tiempo de espera de inicio de sesión (0); [08001] [Microsoft][ODBC Driver 17 for SQL Server]Atributo de cadena de conexión no válido (0); [08001] [Microsoft][ODBC Driver 17 for SQL Server]Error relacionado con la red o específico de instancia al establecer conexión con el servidor SQL Server. El servidor no se encuentra o no está accesible. Compruebe si el nombre de la instancia es correcto y si SQL Server está configurado para permitir conexiones remotas. Para obtener más información, vea los Libros en pantalla de SQL Server. (53)')

The above exception was the direct cause of the following exception:

Traceback (most recent call last):
  File "C:\Users\carlos.alemany\OneDrive - civica-soft.com\Documentos\new especialidades\especialidades-app\helper_functions.py", line 28, in recharge_user_list
    with conn.connect() as connection:
  File "C:\Users\carlos.alemany\OneDrive - civica-soft.com\Documentos\Proyectos\Servihabitat\dbt\svhenv\lib\site-packages\sqlalchemy\engine\base.py", line 3278, in connect
    return self._connection_cls(self)
  File "C:\Users\carlos.alemany\OneDrive - civica-soft.com\Documentos\Proyectos\Servihabitat\dbt\svhenv\lib\site-packages\sqlalchemy\engine\base.py", line 148, in __init__
    Connection._handle_dbapi_exception_noconnection(
  File "C:\Users\carlos.alemany\OneDrive - civica-soft.com\Documentos\Proyectos\Servihabitat\dbt\svhenv\lib\site-packages\sqlalchemy\engine\base.py", line 2442, in _handle_dbapi_exception_noconnection
    raise sqlalchemy_exception.with_traceback(exc_info[2]) from e
  File "C:\Users\carlos.alemany\OneDrive - civica-soft.com\Documentos\Proyectos\Servihabitat\dbt\svhenv\lib\site-packages\sqlalchemy\engine\base.py", line 146, in __init__
    self._dbapi_connection = engine.raw_connection()
  File "C:\Users\carlos.alemany\OneDrive - civica-soft.com\Documentos\Proyectos\Servihabitat\dbt\svhenv\lib\site-packages\sqlalchemy\engine\base.py", line 3302, in raw_connection
    return self.pool.connect()
  File "C:\Users\carlos.alemany\OneDrive - civica-soft.com\Documentos\Proyectos\Servihabitat\dbt\svhenv\lib\site-packages\sqlalchemy\pool\base.py", line 449, in connect
    return _ConnectionFairy._checkout(self)
  File "C:\Users\carlos.alemany\OneDrive - civica-soft.com\Documentos\Proyectos\Servihabitat\dbt\svhenv\lib\site-packages\sqlalchemy\pool\base.py", line 1263, in _checkout
    fairy = _ConnectionRecord.checkout(pool)
  File "C:\Users\carlos.alemany\OneDrive - civica-soft.com\Documentos\Proyectos\Servihabitat\dbt\svhenv\lib\site-packages\sqlalchemy\pool\base.py", line 712, in checkout
    rec = pool._do_get()
  File "C:\Users\carlos.alemany\OneDrive - civica-soft.com\Documentos\Proyectos\Servihabitat\dbt\svhenv\lib\site-packages\sqlalchemy\pool\impl.py", line 179, in _do_get
    with util.safe_reraise():
  File "C:\Users\carlos.alemany\OneDrive - civica-soft.com\Documentos\Proyectos\Servihabitat\dbt\svhenv\lib\site-packages\sqlalchemy\util\langhelpers.py", line 146, in __exit__
    raise exc_value.with_traceback(exc_tb)
  File "C:\Users\carlos.alemany\OneDrive - civica-soft.com\Documentos\Proyectos\Servihabitat\dbt\svhenv\lib\site-packages\sqlalchemy\pool\impl.py", line 177, in _do_get
    return self._create_connection()
  File "C:\Users\carlos.alemany\OneDrive - civica-soft.com\Documentos\Proyectos\Servihabitat\dbt\svhenv\lib\site-packages\sqlalchemy\pool\base.py", line 390, in _create_connection
    return _ConnectionRecord(self)
  File "C:\Users\carlos.alemany\OneDrive - civica-soft.com\Documentos\Proyectos\Servihabitat\dbt\svhenv\lib\site-packages\sqlalchemy\pool\base.py", line 674, in __init__
    self.__connect()
  File "C:\Users\carlos.alemany\OneDrive - civica-soft.com\Documentos\Proyectos\Servihabitat\dbt\svhenv\lib\site-packages\sqlalchemy\pool\base.py", line 900, in __connect
    with util.safe_reraise():
  File "C:\Users\carlos.alemany\OneDrive - civica-soft.com\Documentos\Proyectos\Servihabitat\dbt\svhenv\lib\site-packages\sqlalchemy\util\langhelpers.py", line 146, in __exit__
    raise exc_value.with_traceback(exc_tb)
  File "C:\Users\carlos.alemany\OneDrive - civica-soft.com\Documentos\Proyectos\Servihabitat\dbt\svhenv\lib\site-packages\sqlalchemy\pool\base.py", line 896, in __connect
    self.dbapi_connection = connection = pool._invoke_creator(self)
  File "C:\Users\carlos.alemany\OneDrive - civica-soft.com\Documentos\Proyectos\Servihabitat\dbt\svhenv\lib\site-packages\sqlalchemy\engine\create.py", line 643, in connect
    return dialect.connect(*cargs, **cparams)
  File "C:\Users\carlos.alemany\OneDrive - civica-soft.com\Documentos\Proyectos\Servihabitat\dbt\svhenv\lib\site-packages\sqlalchemy\engine\default.py", line 621, in connect
    return self.loaded_dbapi.connect(*cargs, **cparams)
sqlalchemy.exc.OperationalError: (pyodbc.OperationalError) ('08001', '[08001] [Microsoft][ODBC Driver 17 for SQL Server]Proveedor de canalizaciones con nombre: No se pudo abrir una conexión con SQL Server [53].  (53) (SQLDriverConnect); [08001] [Microsoft][ODBC Driver 17 for SQL Server]Ha finalizado el tiempo de espera de inicio de sesión (0); [08001] [Microsoft][ODBC Driver 17 for SQL Server]Atributo de cadena de conexión no válido (0); [08001] [Microsoft][ODBC Driver 17 for SQL Server]Error relacionado con la red o específico de instancia al establecer conexión con el servidor SQL Server. El servidor no se encuentra o no está accesible. Compruebe si el nombre de la instancia es correcto y si SQL Server está configurado para permitir conexiones remotas. Para obtener más información, vea los Libros en pantalla de SQL Server. (53)')
(Background on this error at: https://sqlalche.me/e/20/e3q8)
2025-03-04 14:55:45,217 - helper_functions - ERROR - Error recharging user list: (pyodbc.OperationalError) ('08001', '[08001] [Microsoft][ODBC Driver 17 for SQL Server]Proveedor de canalizaciones con nombre: No se pudo abrir una conexión con SQL Server [53].  (53) (SQLDriverConnect); [08001] [Microsoft][ODBC Driver 17 for SQL Server]Ha finalizado el tiempo de espera de inicio de sesión (0); [08001] [Microsoft][ODBC Driver 17 for SQL Server]Atributo de cadena de conexión no válido (0); [08001] [Microsoft][ODBC Driver 17 for SQL Server]Error relacionado con la red o específico de instancia al establecer conexión con el servidor SQL Server. El servidor no se encuentra o no está accesible. Compruebe si el nombre de la instancia es correcto y si SQL Server está configurado para permitir conexiones remotas. Para obtener más información, vea los Libros en pantalla de SQL Server. (53)')
(Background on this error at: https://sqlalche.me/e/20/e3q8)
Traceback (most recent call last):
  File "C:\Users\carlos.alemany\OneDrive - civica-soft.com\Documentos\Proyectos\Servihabitat\dbt\svhenv\lib\site-packages\sqlalchemy\engine\base.py", line 146, in __init__
    self._dbapi_connection = engine.raw_connection()
  File "C:\Users\carlos.alemany\OneDrive - civica-soft.com\Documentos\Proyectos\Servihabitat\dbt\svhenv\lib\site-packages\sqlalchemy\engine\base.py", line 3302, in raw_connection
    return self.pool.connect()
  File "C:\Users\carlos.alemany\OneDrive - civica-soft.com\Documentos\Proyectos\Servihabitat\dbt\svhenv\lib\site-packages\sqlalchemy\pool\base.py", line 449, in connect
    return _ConnectionFairy._checkout(self)
  File "C:\Users\carlos.alemany\OneDrive - civica-soft.com\Documentos\Proyectos\Servihabitat\dbt\svhenv\lib\site-packages\sqlalchemy\pool\base.py", line 1263, in _checkout
    fairy = _ConnectionRecord.checkout(pool)
  File "C:\Users\carlos.alemany\OneDrive - civica-soft.com\Documentos\Proyectos\Servihabitat\dbt\svhenv\lib\site-packages\sqlalchemy\pool\base.py", line 712, in checkout
    rec = pool._do_get()
  File "C:\Users\carlos.alemany\OneDrive - civica-soft.com\Documentos\Proyectos\Servihabitat\dbt\svhenv\lib\site-packages\sqlalchemy\pool\impl.py", line 179, in _do_get
    with util.safe_reraise():
  File "C:\Users\carlos.alemany\OneDrive - civica-soft.com\Documentos\Proyectos\Servihabitat\dbt\svhenv\lib\site-packages\sqlalchemy\util\langhelpers.py", line 146, in __exit__
    raise exc_value.with_traceback(exc_tb)
  File "C:\Users\carlos.alemany\OneDrive - civica-soft.com\Documentos\Proyectos\Servihabitat\dbt\svhenv\lib\site-packages\sqlalchemy\pool\impl.py", line 177, in _do_get
    return self._create_connection()
  File "C:\Users\carlos.alemany\OneDrive - civica-soft.com\Documentos\Proyectos\Servihabitat\dbt\svhenv\lib\site-packages\sqlalchemy\pool\base.py", line 390, in _create_connection
    return _ConnectionRecord(self)
  File "C:\Users\carlos.alemany\OneDrive - civica-soft.com\Documentos\Proyectos\Servihabitat\dbt\svhenv\lib\site-packages\sqlalchemy\pool\base.py", line 674, in __init__
    self.__connect()
  File "C:\Users\carlos.alemany\OneDrive - civica-soft.com\Documentos\Proyectos\Servihabitat\dbt\svhenv\lib\site-packages\sqlalchemy\pool\base.py", line 900, in __connect
    with util.safe_reraise():
  File "C:\Users\carlos.alemany\OneDrive - civica-soft.com\Documentos\Proyectos\Servihabitat\dbt\svhenv\lib\site-packages\sqlalchemy\util\langhelpers.py", line 146, in __exit__
    raise exc_value.with_traceback(exc_tb)
  File "C:\Users\carlos.alemany\OneDrive - civica-soft.com\Documentos\Proyectos\Servihabitat\dbt\svhenv\lib\site-packages\sqlalchemy\pool\base.py", line 896, in __connect
    self.dbapi_connection = connection = pool._invoke_creator(self)
  File "C:\Users\carlos.alemany\OneDrive - civica-soft.com\Documentos\Proyectos\Servihabitat\dbt\svhenv\lib\site-packages\sqlalchemy\engine\create.py", line 643, in connect
    return dialect.connect(*cargs, **cparams)
  File "C:\Users\carlos.alemany\OneDrive - civica-soft.com\Documentos\Proyectos\Servihabitat\dbt\svhenv\lib\site-packages\sqlalchemy\engine\default.py", line 621, in connect
    return self.loaded_dbapi.connect(*cargs, **cparams)
pyodbc.OperationalError: ('08001', '[08001] [Microsoft][ODBC Driver 17 for SQL Server]Proveedor de canalizaciones con nombre: No se pudo abrir una conexión con SQL Server [53].  (53) (SQLDriverConnect); [08001] [Microsoft][ODBC Driver 17 for SQL Server]Ha finalizado el tiempo de espera de inicio de sesión (0); [08001] [Microsoft][ODBC Driver 17 for SQL Server]Atributo de cadena de conexión no válido (0); [08001] [Microsoft][ODBC Driver 17 for SQL Server]Error relacionado con la red o específico de instancia al establecer conexión con el servidor SQL Server. El servidor no se encuentra o no está accesible. Compruebe si el nombre de la instancia es correcto y si SQL Server está configurado para permitir conexiones remotas. Para obtener más información, vea los Libros en pantalla de SQL Server. (53)')

The above exception was the direct cause of the following exception:

Traceback (most recent call last):
  File "C:\Users\carlos.alemany\OneDrive - civica-soft.com\Documentos\new especialidades\especialidades-app\helper_functions.py", line 28, in recharge_user_list
    with conn.connect() as connection:
  File "C:\Users\carlos.alemany\OneDrive - civica-soft.com\Documentos\Proyectos\Servihabitat\dbt\svhenv\lib\site-packages\sqlalchemy\engine\base.py", line 3278, in connect
    return self._connection_cls(self)
  File "C:\Users\carlos.alemany\OneDrive - civica-soft.com\Documentos\Proyectos\Servihabitat\dbt\svhenv\lib\site-packages\sqlalchemy\engine\base.py", line 148, in __init__
    Connection._handle_dbapi_exception_noconnection(
  File "C:\Users\carlos.alemany\OneDrive - civica-soft.com\Documentos\Proyectos\Servihabitat\dbt\svhenv\lib\site-packages\sqlalchemy\engine\base.py", line 2442, in _handle_dbapi_exception_noconnection
    raise sqlalchemy_exception.with_traceback(exc_info[2]) from e
  File "C:\Users\carlos.alemany\OneDrive - civica-soft.com\Documentos\Proyectos\Servihabitat\dbt\svhenv\lib\site-packages\sqlalchemy\engine\base.py", line 146, in __init__
    self._dbapi_connection = engine.raw_connection()
  File "C:\Users\carlos.alemany\OneDrive - civica-soft.com\Documentos\Proyectos\Servihabitat\dbt\svhenv\lib\site-packages\sqlalchemy\engine\base.py", line 3302, in raw_connection
    return self.pool.connect()
  File "C:\Users\carlos.alemany\OneDrive - civica-soft.com\Documentos\Proyectos\Servihabitat\dbt\svhenv\lib\site-packages\sqlalchemy\pool\base.py", line 449, in connect
    return _ConnectionFairy._checkout(self)
  File "C:\Users\carlos.alemany\OneDrive - civica-soft.com\Documentos\Proyectos\Servihabitat\dbt\svhenv\lib\site-packages\sqlalchemy\pool\base.py", line 1263, in _checkout
    fairy = _ConnectionRecord.checkout(pool)
  File "C:\Users\carlos.alemany\OneDrive - civica-soft.com\Documentos\Proyectos\Servihabitat\dbt\svhenv\lib\site-packages\sqlalchemy\pool\base.py", line 712, in checkout
    rec = pool._do_get()
  File "C:\Users\carlos.alemany\OneDrive - civica-soft.com\Documentos\Proyectos\Servihabitat\dbt\svhenv\lib\site-packages\sqlalchemy\pool\impl.py", line 179, in _do_get
    with util.safe_reraise():
  File "C:\Users\carlos.alemany\OneDrive - civica-soft.com\Documentos\Proyectos\Servihabitat\dbt\svhenv\lib\site-packages\sqlalchemy\util\langhelpers.py", line 146, in __exit__
    raise exc_value.with_traceback(exc_tb)
  File "C:\Users\carlos.alemany\OneDrive - civica-soft.com\Documentos\Proyectos\Servihabitat\dbt\svhenv\lib\site-packages\sqlalchemy\pool\impl.py", line 177, in _do_get
    return self._create_connection()
  File "C:\Users\carlos.alemany\OneDrive - civica-soft.com\Documentos\Proyectos\Servihabitat\dbt\svhenv\lib\site-packages\sqlalchemy\pool\base.py", line 390, in _create_connection
    return _ConnectionRecord(self)
  File "C:\Users\carlos.alemany\OneDrive - civica-soft.com\Documentos\Proyectos\Servihabitat\dbt\svhenv\lib\site-packages\sqlalchemy\pool\base.py", line 674, in __init__
    self.__connect()
  File "C:\Users\carlos.alemany\OneDrive - civica-soft.com\Documentos\Proyectos\Servihabitat\dbt\svhenv\lib\site-packages\sqlalchemy\pool\base.py", line 900, in __connect
    with util.safe_reraise():
  File "C:\Users\carlos.alemany\OneDrive - civica-soft.com\Documentos\Proyectos\Servihabitat\dbt\svhenv\lib\site-packages\sqlalchemy\util\langhelpers.py", line 146, in __exit__
    raise exc_value.with_traceback(exc_tb)
  File "C:\Users\carlos.alemany\OneDrive - civica-soft.com\Documentos\Proyectos\Servihabitat\dbt\svhenv\lib\site-packages\sqlalchemy\pool\base.py", line 896, in __connect
    self.dbapi_connection = connection = pool._invoke_creator(self)
  File "C:\Users\carlos.alemany\OneDrive - civica-soft.com\Documentos\Proyectos\Servihabitat\dbt\svhenv\lib\site-packages\sqlalchemy\engine\create.py", line 643, in connect
    return dialect.connect(*cargs, **cparams)
  File "C:\Users\carlos.alemany\OneDrive - civica-soft.com\Documentos\Proyectos\Servihabitat\dbt\svhenv\lib\site-packages\sqlalchemy\engine\default.py", line 621, in connect
    return self.loaded_dbapi.connect(*cargs, **cparams)
sqlalchemy.exc.OperationalError: (pyodbc.OperationalError) ('08001', '[08001] [Microsoft][ODBC Driver 17 for SQL Server]Proveedor de canalizaciones con nombre: No se pudo abrir una conexión con SQL Server [53].  (53) (SQLDriverConnect); [08001] [Microsoft][ODBC Driver 17 for SQL Server]Ha finalizado el tiempo de espera de inicio de sesión (0); [08001] [Microsoft][ODBC Driver 17 for SQL Server]Atributo de cadena de conexión no válido (0); [08001] [Microsoft][ODBC Driver 17 for SQL Server]Error relacionado con la red o específico de instancia al establecer conexión con el servidor SQL Server. El servidor no se encuentra o no está accesible. Compruebe si el nombre de la instancia es correcto y si SQL Server está configurado para permitir conexiones remotas. Para obtener más información, vea los Libros en pantalla de SQL Server. (53)')
(Background on this error at: https://sqlalche.me/e/20/e3q8)
2025-03-04 14:55:45,343 - __main__ - INFO - Combined UI and performance patches applied successfully
2025-03-04 14:56:00,391 - helper_functions - ERROR - Error recharging user list: (pyodbc.OperationalError) ('08001', '[08001] [Microsoft][ODBC Driver 17 for SQL Server]Proveedor de canalizaciones con nombre: No se pudo abrir una conexión con SQL Server [53].  (53) (SQLDriverConnect); [08001] [Microsoft][ODBC Driver 17 for SQL Server]Ha finalizado el tiempo de espera de inicio de sesión (0); [08001] [Microsoft][ODBC Driver 17 for SQL Server]Atributo de cadena de conexión no válido (0); [08001] [Microsoft][ODBC Driver 17 for SQL Server]Error relacionado con la red o específico de instancia al establecer conexión con el servidor SQL Server. El servidor no se encuentra o no está accesible. Compruebe si el nombre de la instancia es correcto y si SQL Server está configurado para permitir conexiones remotas. Para obtener más información, vea los Libros en pantalla de SQL Server. (53)')
(Background on this error at: https://sqlalche.me/e/20/e3q8)
Traceback (most recent call last):
  File "C:\Users\carlos.alemany\OneDrive - civica-soft.com\Documentos\Proyectos\Servihabitat\dbt\svhenv\lib\site-packages\sqlalchemy\engine\base.py", line 146, in __init__
    self._dbapi_connection = engine.raw_connection()
  File "C:\Users\carlos.alemany\OneDrive - civica-soft.com\Documentos\Proyectos\Servihabitat\dbt\svhenv\lib\site-packages\sqlalchemy\engine\base.py", line 3302, in raw_connection
    return self.pool.connect()
  File "C:\Users\carlos.alemany\OneDrive - civica-soft.com\Documentos\Proyectos\Servihabitat\dbt\svhenv\lib\site-packages\sqlalchemy\pool\base.py", line 449, in connect
    return _ConnectionFairy._checkout(self)
  File "C:\Users\carlos.alemany\OneDrive - civica-soft.com\Documentos\Proyectos\Servihabitat\dbt\svhenv\lib\site-packages\sqlalchemy\pool\base.py", line 1263, in _checkout
    fairy = _ConnectionRecord.checkout(pool)
  File "C:\Users\carlos.alemany\OneDrive - civica-soft.com\Documentos\Proyectos\Servihabitat\dbt\svhenv\lib\site-packages\sqlalchemy\pool\base.py", line 712, in checkout
    rec = pool._do_get()
  File "C:\Users\carlos.alemany\OneDrive - civica-soft.com\Documentos\Proyectos\Servihabitat\dbt\svhenv\lib\site-packages\sqlalchemy\pool\impl.py", line 179, in _do_get
    with util.safe_reraise():
  File "C:\Users\carlos.alemany\OneDrive - civica-soft.com\Documentos\Proyectos\Servihabitat\dbt\svhenv\lib\site-packages\sqlalchemy\util\langhelpers.py", line 146, in __exit__
    raise exc_value.with_traceback(exc_tb)
  File "C:\Users\carlos.alemany\OneDrive - civica-soft.com\Documentos\Proyectos\Servihabitat\dbt\svhenv\lib\site-packages\sqlalchemy\pool\impl.py", line 177, in _do_get
    return self._create_connection()
  File "C:\Users\carlos.alemany\OneDrive - civica-soft.com\Documentos\Proyectos\Servihabitat\dbt\svhenv\lib\site-packages\sqlalchemy\pool\base.py", line 390, in _create_connection
    return _ConnectionRecord(self)
  File "C:\Users\carlos.alemany\OneDrive - civica-soft.com\Documentos\Proyectos\Servihabitat\dbt\svhenv\lib\site-packages\sqlalchemy\pool\base.py", line 674, in __init__
    self.__connect()
  File "C:\Users\carlos.alemany\OneDrive - civica-soft.com\Documentos\Proyectos\Servihabitat\dbt\svhenv\lib\site-packages\sqlalchemy\pool\base.py", line 900, in __connect
    with util.safe_reraise():
  File "C:\Users\carlos.alemany\OneDrive - civica-soft.com\Documentos\Proyectos\Servihabitat\dbt\svhenv\lib\site-packages\sqlalchemy\util\langhelpers.py", line 146, in __exit__
    raise exc_value.with_traceback(exc_tb)
  File "C:\Users\carlos.alemany\OneDrive - civica-soft.com\Documentos\Proyectos\Servihabitat\dbt\svhenv\lib\site-packages\sqlalchemy\pool\base.py", line 896, in __connect
    self.dbapi_connection = connection = pool._invoke_creator(self)
  File "C:\Users\carlos.alemany\OneDrive - civica-soft.com\Documentos\Proyectos\Servihabitat\dbt\svhenv\lib\site-packages\sqlalchemy\engine\create.py", line 643, in connect
    return dialect.connect(*cargs, **cparams)
  File "C:\Users\carlos.alemany\OneDrive - civica-soft.com\Documentos\Proyectos\Servihabitat\dbt\svhenv\lib\site-packages\sqlalchemy\engine\default.py", line 621, in connect
    return self.loaded_dbapi.connect(*cargs, **cparams)
pyodbc.OperationalError: ('08001', '[08001] [Microsoft][ODBC Driver 17 for SQL Server]Proveedor de canalizaciones con nombre: No se pudo abrir una conexión con SQL Server [53].  (53) (SQLDriverConnect); [08001] [Microsoft][ODBC Driver 17 for SQL Server]Ha finalizado el tiempo de espera de inicio de sesión (0); [08001] [Microsoft][ODBC Driver 17 for SQL Server]Atributo de cadena de conexión no válido (0); [08001] [Microsoft][ODBC Driver 17 for SQL Server]Error relacionado con la red o específico de instancia al establecer conexión con el servidor SQL Server. El servidor no se encuentra o no está accesible. Compruebe si el nombre de la instancia es correcto y si SQL Server está configurado para permitir conexiones remotas. Para obtener más información, vea los Libros en pantalla de SQL Server. (53)')

The above exception was the direct cause of the following exception:

Traceback (most recent call last):
  File "C:\Users\carlos.alemany\OneDrive - civica-soft.com\Documentos\new especialidades\especialidades-app\helper_functions.py", line 28, in recharge_user_list
    with conn.connect() as connection:
  File "C:\Users\carlos.alemany\OneDrive - civica-soft.com\Documentos\Proyectos\Servihabitat\dbt\svhenv\lib\site-packages\sqlalchemy\engine\base.py", line 3278, in connect
    return self._connection_cls(self)
  File "C:\Users\carlos.alemany\OneDrive - civica-soft.com\Documentos\Proyectos\Servihabitat\dbt\svhenv\lib\site-packages\sqlalchemy\engine\base.py", line 148, in __init__
    Connection._handle_dbapi_exception_noconnection(
  File "C:\Users\carlos.alemany\OneDrive - civica-soft.com\Documentos\Proyectos\Servihabitat\dbt\svhenv\lib\site-packages\sqlalchemy\engine\base.py", line 2442, in _handle_dbapi_exception_noconnection
    raise sqlalchemy_exception.with_traceback(exc_info[2]) from e
  File "C:\Users\carlos.alemany\OneDrive - civica-soft.com\Documentos\Proyectos\Servihabitat\dbt\svhenv\lib\site-packages\sqlalchemy\engine\base.py", line 146, in __init__
    self._dbapi_connection = engine.raw_connection()
  File "C:\Users\carlos.alemany\OneDrive - civica-soft.com\Documentos\Proyectos\Servihabitat\dbt\svhenv\lib\site-packages\sqlalchemy\engine\base.py", line 3302, in raw_connection
    return self.pool.connect()
  File "C:\Users\carlos.alemany\OneDrive - civica-soft.com\Documentos\Proyectos\Servihabitat\dbt\svhenv\lib\site-packages\sqlalchemy\pool\base.py", line 449, in connect
    return _ConnectionFairy._checkout(self)
  File "C:\Users\carlos.alemany\OneDrive - civica-soft.com\Documentos\Proyectos\Servihabitat\dbt\svhenv\lib\site-packages\sqlalchemy\pool\base.py", line 1263, in _checkout
    fairy = _ConnectionRecord.checkout(pool)
  File "C:\Users\carlos.alemany\OneDrive - civica-soft.com\Documentos\Proyectos\Servihabitat\dbt\svhenv\lib\site-packages\sqlalchemy\pool\base.py", line 712, in checkout
    rec = pool._do_get()
  File "C:\Users\carlos.alemany\OneDrive - civica-soft.com\Documentos\Proyectos\Servihabitat\dbt\svhenv\lib\site-packages\sqlalchemy\pool\impl.py", line 179, in _do_get
    with util.safe_reraise():
  File "C:\Users\carlos.alemany\OneDrive - civica-soft.com\Documentos\Proyectos\Servihabitat\dbt\svhenv\lib\site-packages\sqlalchemy\util\langhelpers.py", line 146, in __exit__
    raise exc_value.with_traceback(exc_tb)
  File "C:\Users\carlos.alemany\OneDrive - civica-soft.com\Documentos\Proyectos\Servihabitat\dbt\svhenv\lib\site-packages\sqlalchemy\pool\impl.py", line 177, in _do_get
    return self._create_connection()
  File "C:\Users\carlos.alemany\OneDrive - civica-soft.com\Documentos\Proyectos\Servihabitat\dbt\svhenv\lib\site-packages\sqlalchemy\pool\base.py", line 390, in _create_connection
    return _ConnectionRecord(self)
  File "C:\Users\carlos.alemany\OneDrive - civica-soft.com\Documentos\Proyectos\Servihabitat\dbt\svhenv\lib\site-packages\sqlalchemy\pool\base.py", line 674, in __init__
    self.__connect()
  File "C:\Users\carlos.alemany\OneDrive - civica-soft.com\Documentos\Proyectos\Servihabitat\dbt\svhenv\lib\site-packages\sqlalchemy\pool\base.py", line 900, in __connect
    with util.safe_reraise():
  File "C:\Users\carlos.alemany\OneDrive - civica-soft.com\Documentos\Proyectos\Servihabitat\dbt\svhenv\lib\site-packages\sqlalchemy\util\langhelpers.py", line 146, in __exit__
    raise exc_value.with_traceback(exc_tb)
  File "C:\Users\carlos.alemany\OneDrive - civica-soft.com\Documentos\Proyectos\Servihabitat\dbt\svhenv\lib\site-packages\sqlalchemy\pool\base.py", line 896, in __connect
    self.dbapi_connection = connection = pool._invoke_creator(self)
  File "C:\Users\carlos.alemany\OneDrive - civica-soft.com\Documentos\Proyectos\Servihabitat\dbt\svhenv\lib\site-packages\sqlalchemy\engine\create.py", line 643, in connect
    return dialect.connect(*cargs, **cparams)
  File "C:\Users\carlos.alemany\OneDrive - civica-soft.com\Documentos\Proyectos\Servihabitat\dbt\svhenv\lib\site-packages\sqlalchemy\engine\default.py", line 621, in connect
    return self.loaded_dbapi.connect(*cargs, **cparams)
sqlalchemy.exc.OperationalError: (pyodbc.OperationalError) ('08001', '[08001] [Microsoft][ODBC Driver 17 for SQL Server]Proveedor de canalizaciones con nombre: No se pudo abrir una conexión con SQL Server [53].  (53) (SQLDriverConnect); [08001] [Microsoft][ODBC Driver 17 for SQL Server]Ha finalizado el tiempo de espera de inicio de sesión (0); [08001] [Microsoft][ODBC Driver 17 for SQL Server]Atributo de cadena de conexión no válido (0); [08001] [Microsoft][ODBC Driver 17 for SQL Server]Error relacionado con la red o específico de instancia al establecer conexión con el servidor SQL Server. El servidor no se encuentra o no está accesible. Compruebe si el nombre de la instancia es correcto y si SQL Server está configurado para permitir conexiones remotas. Para obtener más información, vea los Libros en pantalla de SQL Server. (53)')
(Background on this error at: https://sqlalche.me/e/20/e3q8)
